90.0,87.0,91.5,40.0,80.17,84.0,11.6,ST,94
67.0,91.0,78.17,49.0,85.83,68.8,9.2,CM,90
96.0,88.6,80.17,43.0,75.67,75.4,8.4,RM,88
63.5,47.6,18.0,18.8,27.33,50.8,83.0,GK,88
93.0,84.4,66.83,79.0,76.33,77.4,12.0,LB,87
77.5,84.4,80.67,60.2,77.17,81.0,8.8,CAM,86
70.0,64.4,43.33,86.0,47.17,82.6,7.4,CB,86
82.5,80.4,75.33,80.2,80.33,77.6,10.0,LB,85
86.0,80.4,80.67,63.8,78.0,79.2,7.6,LM,85
58.5,71.8,86.33,38.4,78.0,77.8,11.8,RS,85
83.5,82.2,79.5,44.6,80.0,72.6,10.4,RM,84
61.5,78.2,67.33,74.0,77.67,72.6,11.8,RDM,84
68.5,64.2,48.0,83.8,44.5,82.2,7.2,CB,84
80.5,71.2,45.0,84.2,51.83,75.4,13.8,CB,83
90.5,82.8,78.83,38.2,77.0,72.8,9.8,RM,83
69.0,70.2,38.67,83.2,60.0,78.0,10.2,CB,83
77.5,79.4,77.67,59.8,81.67,73.0,12.4,CM,83
79.0,71.0,83.67,29.8,73.67,75.4,2.4,LS,83
48.0,40.0,13.83,15.4,26.5,53.4,80.0,GK,83
80.5,77.0,60.67,80.2,68.17,72.0,12.4,CM,82
83.0,83.4,76.33,53.8,79.67,65.4,12.8,RM,82
60.0,71.8,76.5,49.0,77.67,68.4,11.6,CM,82
85.0,85.6,78.83,42.2,75.5,69.8,8.4,RS,82
45.0,42.2,17.0,15.4,27.0,49.4,80.2,GK,82
71.5,72.0,73.67,81.0,82.17,82.8,12.2,LB,82
39.5,53.0,37.17,84.4,50.0,75.2,10.8,CB,82
69.5,79.0,83.17,38.4,75.33,70.6,9.2,ST,82
73.5,65.2,45.17,81.0,53.33,79.8,11.0,CB,81
80.5,75.2,50.17,77.4,59.0,76.0,10.4,RB,81
80.0,79.8,78.33,55.0,72.0,76.0,13.2,LM,81
48.0,67.4,67.83,68.2,78.67,70.6,9.2,LDM,81
86.5,81.6,75.0,40.2,70.67,61.6,4.2,LM,81
68.5,64.0,51.83,82.8,52.33,79.2,11.4,CB,81
48.5,40.6,16.83,13.2,24.67,52.8,79.2,GK,81
63.0,65.6,77.67,36.0,61.83,70.8,9.2,ST,80
71.0,70.8,51.17,80.2,66.5,77.6,10.6,RB,80
92.0,85.4,67.17,36.2,70.5,58.8,10.2,RW,80
71.0,75.8,68.33,79.2,73.83,80.6,10.8,CM,80
76.5,77.6,79.0,36.6,56.5,73.6,11.4,ST,80
55.5,72.4,66.0,75.8,72.17,71.2,10.4,CDM,80
62.5,75.0,76.17,46.2,64.0,75.8,8.8,RS,80
64.5,75.6,72.67,37.4,79.17,53.4,13.6,CM,80
40.5,37.4,15.0,14.0,27.0,41.2,77.2,GK,80
52.5,74.6,73.17,63.6,82.83,70.6,11.8,CM,80
69.0,70.0,61.83,82.4,59.67,71.8,10.4,CB,80
55.0,80.4,75.33,58.2,84.0,62.4,8.4,CM,80
85.5,83.6,71.17,36.6,65.17,64.8,9.6,RW,79
80.0,76.4,76.67,47.0,59.33,77.2,10.6,ST,79
62.5,75.2,71.0,64.8,78.17,68.2,12.0,LWB,79
44.0,67.6,58.5,74.8,68.17,73.2,13.0,RDM,79
71.5,65.6,59.5,76.2,55.67,82.0,11.2,LB,79
74.5,78.8,53.67,67.2,65.67,81.2,10.0,CDM,79
69.0,77.2,72.33,69.4,76.83,73.6,9.4,CDM,79
72.0,81.4,75.67,44.2,76.83,70.8,10.6,LM,79
56.5,62.2,52.83,79.4,54.5,75.8,10.2,CB,79
43.5,34.8,22.17,16.6,18.83,50.2,76.8,GK,79
71.5,72.6,59.33,72.4,72.17,76.6,12.0,LDM,79
39.0,41.4,16.83,21.2,24.33,48.2,77.6,GK,79
34.0,42.0,18.5,15.2,25.33,44.4,78.6,GK,79
66.0,81.4,78.5,44.8,72.0,64.6,8.8,LM,79
77.5,71.2,50.83,77.0,59.0,79.6,12.2,CB,78
80.5,80.4,73.83,28.6,77.17,63.2,11.8,CAM,78
67.5,74.6,63.0,68.6,66.83,73.2,12.2,CM,78
72.0,72.0,76.33,43.6,68.67,74.4,11.2,LS,78
52.5,75.0,79.17,67.0,78.5,71.6,10.0,CM,78
89.5,72.4,63.67,70.2,72.33,71.4,11.8,LWB,78
67.5,74.0,57.17,69.6,68.33,71.8,10.2,CM,78
87.5,81.2,73.33,44.8,73.17,70.0,10.0,RM,78
72.5,69.2,78.83,48.4,65.67,75.2,11.0,RS,78
73.0,74.8,61.33,73.2,77.33,75.8,10.4,CDM,78
61.5,77.4,72.33,67.0,78.0,69.0,14.0,CM,78
52.5,73.8,71.5,65.8,78.83,63.8,11.6,CM,78
61.5,74.0,71.0,65.2,82.33,67.2,5.0,RDM,78
63.0,69.8,72.17,63.2,77.83,74.6,12.8,CM,78
92.0,76.2,74.0,34.2,68.5,68.8,11.6,CAM,77
69.5,80.6,71.5,46.4,77.17,53.8,9.4,CAM,77
51.5,49.6,15.83,19.0,33.5,56.2,75.2,GK,77
71.0,72.6,74.33,61.8,81.0,72.4,10.4,CM,77
64.0,73.4,71.0,60.0,81.33,75.6,13.0,CAM,77
43.0,42.8,16.0,16.4,20.83,52.0,76.6,GK,77
42.5,70.0,79.33,43.8,64.83,72.2,14.2,LS,77
67.5,73.4,74.67,35.0,53.0,75.4,14.8,ST,77
48.0,67.2,61.0,73.8,69.67,72.0,13.6,CDM,77
74.5,72.8,65.83,76.0,69.83,73.2,11.4,RB,77
66.0,70.4,64.5,77.6,68.67,72.2,13.0,CM,77
81.5,80.0,72.33,38.6,73.0,51.6,9.2,LM,77
81.0,74.8,73.5,29.8,58.67,63.8,8.8,RS,77
50.5,49.4,14.17,15.6,30.83,58.6,76.2,GK,77
78.0,77.0,74.83,53.2,71.5,67.0,10.4,LM,77
67.5,74.0,70.0,71.0,72.0,73.6,9.8,CM,77
65.0,75.6,74.67,41.8,68.17,74.0,13.0,ST,77
65.5,71.2,73.17,61.2,70.67,74.6,10.2,CAM,77
66.0,55.8,56.83,76.4,49.5,79.4,11.0,CB,77
86.5,77.6,69.33,40.6,71.33,71.2,12.8,LM,77
78.0,73.6,60.67,71.2,73.67,73.0,11.0,LB,77
90.0,70.6,57.0,73.6,62.83,71.2,8.6,LB,77
58.5,66.2,63.0,72.2,69.33,76.4,5.4,CM,77
61.0,55.2,39.33,76.4,45.83,74.4,11.0,CB,77
68.0,62.2,43.17,77.8,44.17,72.6,11.2,CB,77
69.5,64.8,43.33,76.0,55.83,70.8,11.6,CB,76
86.0,73.6,67.67,42.8,68.33,64.2,13.2,RM,76
82.0,77.4,69.0,25.4,71.83,59.0,10.8,LM,76
71.5,69.6,73.33,38.8,61.0,70.4,10.8,ST,76
72.0,72.2,58.5,76.0,63.83,74.2,12.4,LB,76
69.0,71.4,68.17,65.8,71.0,67.6,11.2,RDM,76
56.5,73.2,70.33,66.8,74.0,70.8,11.8,CAM,76
64.0,70.4,53.83,71.2,57.33,82.4,10.8,RDM,76
60.5,69.2,70.83,65.2,78.0,71.2,9.8,CM,76
50.0,45.8,17.5,17.4,25.17,51.6,73.8,GK,76
70.0,75.8,69.33,66.2,76.33,67.8,10.6,CM,76
77.0,78.0,65.5,72.0,67.33,74.4,10.8,RB,76
55.5,56.0,54.17,77.0,49.5,72.0,11.8,CB,76
59.5,62.6,51.5,76.0,46.83,73.6,12.0,CB,76
66.5,73.2,69.67,70.4,80.83,70.8,11.6,CAM,76
78.0,75.8,68.83,70.4,72.0,74.0,11.2,RDM,76
58.0,67.8,38.5,79.0,54.0,74.2,10.8,CB,76
87.5,75.4,73.0,44.0,67.33,74.8,10.8,ST,76
87.5,81.4,71.17,30.4,70.0,69.8,10.2,CAM,76
86.0,74.2,55.67,69.2,61.33,69.8,10.8,RB,76
78.5,74.0,72.33,38.4,66.83,72.2,10.8,LM,76
82.0,82.4,64.83,45.8,66.67,66.4,11.0,RM,76
70.0,67.8,62.67,76.4,55.67,81.0,10.6,CM,76
68.5,75.8,74.5,45.8,75.0,65.6,13.0,CM,76
93.0,78.0,67.5,36.0,60.83,63.4,11.0,RM,76
72.5,73.6,71.0,49.0,75.67,69.0,9.4,RM,76
45.0,55.6,46.33,76.2,53.83,69.8,11.4,CB,76
60.0,68.6,63.83,76.0,60.83,75.0,12.0,RDM,76
82.5,75.2,72.33,38.4,59.5,63.8,10.8,RS,76
47.5,39.0,16.17,18.4,20.83,52.8,72.8,GK,76
70.5,78.2,68.0,50.6,77.5,76.2,10.4,CM,76
77.5,74.8,60.67,70.4,67.33,78.2,12.0,RB,75
63.5,55.4,36.33,76.0,49.17,70.8,8.6,CB,75
59.0,63.2,53.17,75.0,60.33,78.6,11.4,CDM,75
73.0,76.2,48.33,68.4,62.67,72.0,12.2,RB,75
81.5,78.2,69.33,36.8,70.17,65.4,10.8,LM,75
78.0,79.2,62.83,52.2,67.5,72.0,9.8,CAM,75
78.5,72.0,67.0,35.4,75.5,58.2,13.2,CAM,75
86.5,76.0,70.17,41.0,67.5,63.0,12.4,LW,75
79.0,73.8,74.17,64.6,72.0,67.6,10.2,RWB,75
64.0,70.0,44.5,77.4,57.33,77.4,8.6,CB,75
80.0,78.0,70.0,39.8,71.33,65.2,11.6,LM,75
92.0,82.0,74.0,38.4,63.67,63.8,10.2,RM,75
90.5,79.6,61.67,34.8,64.67,57.0,10.8,LM,75
51.0,65.4,55.83,74.6,58.83,73.2,11.2,CB,75
88.5,80.4,68.33,36.2,68.0,59.6,10.0,LM,75
92.0,76.2,72.0,40.8,63.0,71.6,10.0,RM,75
86.5,70.8,64.17,71.4,68.17,72.2,13.0,RB,75
70.0,74.4,71.67,47.2,72.33,69.0,10.2,CAM,75
73.0,75.6,64.83,44.4,74.17,54.8,11.2,CM,75
71.0,74.2,71.5,42.2,73.0,61.2,10.4,CM,75
65.5,71.8,73.17,58.2,74.5,72.2,11.4,CAM,75
80.0,76.2,57.5,48.4,71.33,65.0,11.0,LM,75
44.0,49.4,44.0,75.0,53.5,75.6,12.6,CB,75
68.0,73.8,71.67,31.4,71.5,56.0,11.4,ST,75
68.0,69.2,69.0,76.4,59.5,80.6,9.4,RDM,75
61.5,72.4,69.17,65.6,71.0,73.4,8.6,CM,75
77.5,76.6,53.67,70.6,66.33,70.8,11.4,LB,75
82.5,77.0,60.67,68.4,70.5,71.6,11.6,LB,75
71.0,70.8,69.67,43.2,67.67,62.4,9.0,RM,75
46.0,41.6,19.5,14.0,27.17,52.4,72.2,GK,75
81.5,73.8,71.67,45.4,71.5,63.6,11.0,CAM,75
71.5,68.4,74.67,38.8,54.67,73.6,12.0,ST,75
59.5,64.8,47.17,73.8,51.33,76.2,10.6,CB,75
73.0,73.0,73.33,51.0,73.5,68.6,12.0,CM,75
52.0,40.6,17.67,19.0,21.67,45.2,75.0,GK,75
90.5,74.0,69.17,34.0,62.5,70.8,8.2,RM,75
56.0,70.0,64.33,64.0,72.33,70.2,12.2,CM,75
68.0,71.6,65.0,57.2,70.0,74.6,10.0,CAM,75
75.5,76.8,68.67,54.6,79.17,69.0,12.2,RM,75
69.0,71.6,70.67,71.0,72.0,72.8,7.2,CM,75
80.0,80.8,50.83,64.2,63.17,65.4,11.4,CM,75
69.0,71.4,59.83,71.6,65.17,76.2,12.0,RDM,74
60.0,61.4,52.0,72.2,61.33,68.8,12.4,CDM,74
67.0,53.8,38.33,72.0,48.83,75.4,9.8,RB,74
64.5,65.0,63.83,74.0,65.67,71.4,11.8,CB,74
65.5,71.2,68.5,59.0,73.83,70.4,9.0,LDM,74
73.0,68.4,46.17,72.2,59.5,70.0,10.4,RB,74
49.0,50.8,31.83,74.0,36.83,70.6,11.6,CB,74
68.5,68.0,63.83,72.6,59.0,75.0,9.8,CM,74
88.5,71.4,45.83,70.0,59.67,75.2,10.4,LB,74
76.5,80.0,68.17,71.2,66.33,72.4,12.4,CM,74
67.0,63.4,49.67,72.8,52.33,77.0,12.6,CB,74
88.0,80.4,59.33,23.2,68.67,50.0,10.4,CAM,74
44.0,59.2,76.17,35.6,48.83,69.0,10.4,ST,74
56.5,57.6,42.17,73.0,52.33,75.4,8.6,CB,74
79.0,81.0,65.5,33.6,70.33,56.0,8.6,CAM,74
75.5,76.6,66.83,42.6,71.67,61.8,9.6,CAM,74
90.5,70.8,43.67,65.8,55.5,69.4,11.2,RB,74
43.0,67.0,68.83,71.2,81.0,72.8,13.6,CDM,74
71.0,66.0,31.33,73.2,48.17,70.0,9.2,CB,74
77.0,74.8,73.83,41.4,71.67,67.6,10.4,LW,74
38.0,36.2,16.33,18.2,23.83,54.8,71.8,GK,74
44.5,53.6,36.67,73.6,43.0,75.8,11.4,CB,74
72.5,70.2,59.83,68.6,66.67,78.4,12.2,CDM,74
70.5,59.2,36.67,73.2,52.5,72.8,12.2,CB,74
67.0,71.2,62.5,65.4,70.83,66.4,12.2,LM,74
78.5,68.6,68.33,32.2,55.17,77.4,11.2,ST,74
86.0,72.8,66.67,68.4,72.83,75.8,11.8,RB,74
83.5,73.0,66.83,48.0,67.17,70.8,11.2,RM,74
87.0,72.6,64.17,33.4,69.83,53.4,11.0,LM,74
70.0,74.4,66.33,64.8,73.0,74.6,10.6,CM,74
34.5,33.0,13.33,13.8,26.83,51.6,73.4,GK,74
77.0,74.8,75.5,37.0,69.17,68.6,8.6,LS,74
69.5,72.0,60.33,69.0,60.67,74.0,10.2,CM,74
42.5,63.0,55.0,75.0,60.67,69.6,12.2,CB,74
75.0,78.4,68.33,35.8,67.67,56.8,9.8,CAM,74
88.0,80.4,68.83,35.4,69.17,62.6,12.2,LW,74
77.5,75.8,64.67,70.4,66.0,60.6,10.8,LB,74
50.5,72.6,70.33,52.2,76.83,64.4,9.0,CAM,74
60.0,59.6,25.0,74.4,38.67,67.6,12.6,CB,74
70.0,67.2,70.83,33.4,48.83,75.4,9.4,LS,74
45.5,58.2,49.83,72.6,59.83,75.8,12.4,CB,74
56.5,70.0,63.0,68.0,74.67,72.4,12.4,CM,74
37.0,35.6,15.5,15.4,23.5,48.0,72.2,GK,74
53.5,50.0,51.67,73.0,58.83,73.4,11.0,CB,74
70.0,75.4,65.33,49.2,73.17,65.2,9.8,CM,74
47.0,65.4,50.83,71.0,60.5,74.2,11.0,CDM,73
60.0,72.4,52.33,67.2,58.67,76.4,7.8,CDM,73
67.5,69.0,54.83,71.8,60.5,80.0,10.4,CM,73
37.0,37.4,19.17,13.8,26.17,50.0,72.8,GK,73
74.0,74.2,59.5,64.4,68.83,71.0,10.6,CM,73
78.5,72.0,57.83,67.8,67.17,67.6,11.6,RB,73
60.5,71.6,54.17,64.8,62.17,69.8,11.2,CM,73
77.5,72.6,69.5,52.6,69.33,71.6,10.8,LM,73
77.5,76.8,64.83,69.4,68.67,70.2,11.4,RB,73
78.5,74.6,70.17,43.6,69.17,68.6,11.0,LM,73
72.0,73.2,57.5,71.2,61.83,69.0,9.8,RB,73
82.0,72.6,64.5,33.4,66.83,59.0,9.2,RM,73
84.5,74.0,51.33,65.4,65.17,72.0,9.6,RB,73
81.0,71.6,66.17,49.4,70.83,67.4,11.0,RM,73
71.0,64.6,32.67,73.4,39.17,67.0,11.2,CB,73
76.0,79.6,65.67,65.4,67.67,79.2,8.2,CAM,73
66.0,68.0,68.33,71.6,73.0,66.4,12.2,CM,73
62.5,64.2,36.83,71.4,54.0,71.2,10.4,CB,73
79.0,74.0,65.17,39.4,58.83,58.0,10.2,LW,73
75.5,72.2,69.33,69.0,74.17,72.0,11.4,LB,73
38.0,46.0,42.0,74.8,43.5,70.2,11.6,CB,73
66.0,62.0,44.83,71.4,53.67,72.8,9.8,CB,73
82.0,68.4,58.83,68.2,62.33,77.0,12.0,RM,73
75.0,71.8,67.0,65.6,69.83,71.8,9.6,CM,73
81.0,72.8,64.17,60.8,67.67,71.0,11.4,CM,73
68.5,63.4,72.0,39.8,50.67,66.8,12.2,ST,73
55.0,60.6,61.83,71.4,59.67,73.2,11.0,CM,73
75.5,72.6,66.67,35.0,62.5,57.0,10.2,RM,73
75.0,71.6,68.83,69.8,60.17,82.8,13.2,CAM,73
87.0,77.0,68.67,29.0,50.17,65.6,12.0,ST,73
44.0,32.4,16.0,15.6,22.17,43.2,71.0,GK,73
77.0,74.2,56.83,69.8,65.17,67.0,11.2,RB,73
65.5,69.2,62.0,64.2,72.0,75.0,12.4,CDM,73
78.0,75.0,73.0,33.0,74.0,55.6,10.8,RW,73
47.5,71.6,72.17,63.0,78.67,57.8,11.6,CM,73
67.5,74.4,67.67,42.2,74.5,58.4,11.0,CAM,73
61.5,53.2,42.67,72.8,49.5,73.4,8.8,CB,73
61.0,72.8,63.83,64.0,69.5,64.2,10.6,CM,73
54.5,57.2,48.5,71.2,53.17,76.0,12.6,CB,73
90.5,76.6,66.67,34.4,57.0,66.6,10.2,RW,73
76.0,69.6,61.5,40.4,71.17,62.8,11.4,LM,73
63.5,52.4,32.83,72.8,47.17,73.0,12.0,CB,73
75.0,76.0,48.5,67.4,66.5,64.4,10.2,RB,73
75.0,67.0,55.83,61.6,70.33,71.6,11.0,LM,73
65.5,55.8,39.17,70.6,48.17,76.2,12.0,CB,73
68.0,58.0,70.0,35.0,39.33,63.2,11.2,LS,73
60.0,59.6,43.5,73.4,45.17,70.8,9.6,CB,73
83.0,78.6,67.67,31.0,57.17,61.6,10.8,LM,73
83.0,72.8,66.5,46.6,68.5,72.6,10.2,LM,73
69.0,71.8,62.5,65.4,69.5,72.4,10.2,CDM,73
48.0,60.4,47.17,71.0,52.5,72.0,9.0,CB,72
91.5,67.6,67.5,41.4,63.67,75.0,4.0,ST,72
70.5,66.4,73.17,36.4,67.5,52.4,12.2,LS,72
59.5,70.6,66.67,67.0,65.33,65.8,10.8,RF,72
78.5,69.6,68.0,27.0,66.33,60.0,11.6,LS,72
67.0,63.6,70.67,29.4,47.67,71.0,13.4,ST,72
65.5,70.6,60.83,56.6,64.67,70.0,11.2,CM,72
80.0,74.4,70.83,31.2,69.5,70.2,10.6,CAM,72
79.0,72.2,67.0,68.4,67.83,72.6,8.6,CM,72
71.0,67.6,43.33,66.6,61.0,67.8,11.0,LWB,72
84.0,67.2,61.0,68.0,58.5,73.8,9.2,RB,72
64.0,69.8,63.83,61.0,67.17,72.4,11.4,LDM,72
77.0,68.2,67.33,39.4,69.5,67.6,9.8,LM,72
72.0,62.0,70.33,29.2,42.0,64.0,10.0,ST,72
84.5,79.0,70.17,42.8,65.67,62.0,10.6,LM,72
37.5,55.6,50.33,70.6,46.5,75.4,10.4,CB,72
67.0,72.8,58.0,65.0,66.83,70.0,11.4,CM,72
53.5,51.0,41.67,73.6,41.33,65.8,11.2,CB,72
65.0,63.0,40.83,70.4,50.83,75.0,11.6,CB,72
82.0,76.8,65.17,39.8,69.0,60.4,12.0,LM,72
93.0,71.2,68.33,44.0,59.67,73.0,11.2,LM,72
60.5,59.0,32.5,71.4,48.5,72.8,12.6,CB,72
83.0,70.2,69.5,62.2,63.33,72.4,11.2,RM,72
63.5,52.8,43.67,71.4,43.67,70.4,10.4,CB,72
58.0,67.8,74.5,37.4,66.5,67.2,13.0,ST,72
78.5,69.6,39.33,67.2,52.5,76.0,12.6,RB,72
43.0,47.2,39.0,73.2,43.33,65.4,12.0,CB,72
76.0,69.6,43.83,68.2,54.5,71.6,5.0,LB,72
68.5,70.6,71.0,53.6,71.33,80.8,10.6,CM,72
36.5,46.4,58.17,73.0,66.17,66.8,11.4,CB,72
74.5,69.6,72.33,32.2,57.83,61.2,12.0,ST,72
42.5,52.8,39.5,72.4,51.0,69.4,10.0,CB,72
81.5,75.6,63.5,34.6,67.67,57.2,10.2,LS,72
72.5,74.6,66.67,52.0,77.67,57.8,11.4,CM,72
40.5,43.8,16.5,16.4,19.83,43.6,69.0,GK,72
60.5,66.6,73.0,36.0,46.83,76.0,11.4,ST,72
46.5,37.0,17.17,16.8,25.5,48.2,71.2,GK,72
81.5,73.2,72.33,37.6,67.5,74.6,12.4,LS,72
91.5,79.4,64.0,20.0,67.5,70.2,10.0,RS,72
67.5,70.2,65.0,69.8,67.5,76.2,8.8,CM,72
78.5,68.8,68.17,28.8,68.83,64.8,11.0,LM,72
75.0,67.8,51.67,70.2,61.0,73.0,13.0,CB,72
66.0,66.8,68.17,37.0,59.67,66.2,10.6,ST,72
73.5,69.4,53.67,69.6,60.5,70.0,13.4,LB,72
46.5,59.0,44.17,71.2,42.0,77.2,10.8,CB,72
77.0,67.8,44.83,68.6,57.83,77.4,8.8,RB,72
70.0,65.4,40.33,70.0,60.67,69.0,9.0,CB,72
73.0,64.6,65.5,42.4,48.0,81.8,12.6,ST,72
63.0,60.6,50.67,71.0,50.83,75.4,12.2,CB,72
78.5,73.6,68.0,32.6,49.17,60.6,10.8,ST,72
70.5,74.2,68.5,41.0,71.83,60.0,10.8,RM,72
67.5,59.4,44.67,71.2,52.0,75.0,9.6,CB,72
57.0,66.8,48.83,68.6,60.83,75.0,10.2,CDM,72
74.5,75.0,67.17,44.8,62.33,58.8,9.6,CAM,72
42.0,39.8,12.17,13.8,24.33,52.4,71.0,GK,72
27.0,31.6,12.17,14.2,26.17,51.4,71.0,GK,72
84.0,75.4,60.5,42.8,64.33,63.4,12.6,LM,72
51.5,65.6,63.5,69.2,64.17,58.6,8.6,CM,72
72.0,72.2,70.33,66.0,72.17,73.2,9.6,CM,72
49.0,50.6,43.17,68.6,49.67,74.2,8.8,CB,72
72.5,71.6,60.0,38.2,64.17,54.2,11.2,LM,72
55.0,67.6,63.0,70.6,73.0,77.2,12.4,CM,72
71.0,73.4,66.83,36.6,69.17,59.4,8.8,RM,71
48.5,38.8,19.0,17.2,28.67,48.2,70.4,GK,71
89.0,76.8,55.17,24.0,59.5,55.6,8.6,LW,71
85.0,76.4,53.83,53.4,65.0,63.4,8.0,LM,71
78.0,69.8,67.5,36.4,62.33,56.4,9.2,CAM,71
64.5,67.4,71.33,35.6,55.83,68.2,12.0,ST,71
71.5,59.2,41.83,72.2,47.83,72.0,9.6,CB,71
68.0,75.8,64.67,41.4,73.0,60.8,12.8,CAM,71
76.5,66.0,67.67,56.0,57.17,69.0,11.6,ST,71
45.0,66.0,47.83,65.8,64.17,70.8,9.6,CDM,71
83.0,70.8,52.5,66.2,62.67,68.8,8.8,LB,71
54.0,55.0,32.83,71.6,36.67,70.6,9.6,CB,71
48.0,39.8,19.83,18.6,24.33,54.0,70.6,GK,71
79.0,74.0,62.5,38.8,56.67,64.4,7.6,CM,71
80.5,71.4,63.5,63.0,69.0,74.4,13.4,RB,71
59.5,70.0,67.17,58.2,71.5,68.6,8.2,CM,71
55.5,71.4,69.83,64.2,67.17,67.0,9.4,CDM,71
43.5,49.0,32.67,69.8,37.67,68.6,11.2,CB,71
42.5,43.4,26.17,19.2,32.83,47.6,70.6,GK,71
60.5,70.2,61.0,68.4,65.17,73.2,9.2,CM,71
39.5,53.0,44.67,69.0,44.83,67.0,14.0,CB,71
52.0,62.4,58.33,69.0,68.83,69.0,12.8,CDM,71
61.0,54.8,65.0,26.6,41.33,68.6,7.8,RS,71
76.5,72.8,65.33,59.0,68.17,73.6,13.6,LW,71
67.5,56.8,46.83,69.6,43.5,72.0,12.8,CB,71
80.5,75.6,60.5,35.6,64.5,65.6,12.6,RM,71
87.5,72.0,56.17,62.6,61.0,69.0,10.0,LM,71
70.5,71.8,61.33,54.8,68.17,74.4,9.6,CM,71
83.5,75.2,64.0,37.4,64.33,60.2,8.8,LM,71
73.5,72.0,58.83,67.6,62.33,66.8,10.2,CM,71
80.0,71.6,37.17,64.0,65.0,70.0,8.4,LB,71
71.0,71.8,67.67,42.8,68.0,62.4,10.8,CAM,71
62.0,60.0,35.17,69.4,44.0,69.4,14.2,CB,71
68.0,66.4,65.5,36.0,46.67,69.2,12.4,ST,71
77.5,71.0,62.83,66.4,62.0,78.6,9.2,LWB,71
65.5,71.8,62.0,68.0,63.33,71.8,10.6,CM,71
77.0,69.8,58.0,65.4,57.5,69.8,12.6,RB,71
74.5,72.2,66.83,32.8,60.5,59.4,10.2,CAM,71
57.5,62.2,71.33,35.6,60.67,73.6,12.2,ST,71
33.0,35.8,15.17,17.6,23.33,45.8,70.6,GK,71
72.5,61.0,61.17,46.4,53.83,64.0,10.4,ST,71
68.0,53.6,34.5,70.6,36.17,75.2,11.4,CB,71
68.0,73.0,67.17,70.6,72.17,67.2,4.6,RB,71
54.5,42.2,31.83,70.8,37.67,74.0,10.2,CB,71
76.5,69.0,67.33,39.0,51.0,78.2,10.0,LS,71
64.5,68.8,44.83,66.4,52.83,74.8,11.2,RDM,71
82.5,77.6,68.17,59.0,69.33,68.4,9.0,RDM,71
71.0,67.0,49.17,65.4,57.33,69.6,10.0,CM,71
70.5,72.2,51.5,70.2,58.67,64.0,9.0,LM,71
76.0,67.8,67.17,41.6,56.5,70.0,10.6,RM,71
51.5,38.2,16.5,14.8,26.17,53.4,71.0,GK,71
77.0,75.0,64.0,37.6,69.33,59.0,5.0,LS,71
74.0,61.2,42.33,69.6,56.67,67.8,10.2,CB,71
44.5,37.4,16.83,20.0,27.83,36.8,68.6,GK,71
67.0,47.8,40.83,69.6,43.5,68.0,8.2,CB,71
70.0,64.6,51.67,69.6,59.83,65.8,8.6,RB,71
78.0,71.2,57.33,61.2,66.33,68.0,12.2,LDM,71
80.5,72.6,59.83,35.2,62.5,57.0,14.4,LM,71
33.5,49.0,51.67,71.8,55.17,62.2,10.4,CB,71
72.5,58.6,32.33,69.8,38.83,73.2,11.0,CB,71
45.5,58.6,70.5,36.8,55.67,58.8,7.6,ST,71
31.0,32.4,13.0,15.6,24.67,31.6,69.2,GK,71
15.5,35.2,16.33,14.6,21.33,34.0,69.2,GK,71
45.5,49.0,49.83,72.0,49.5,75.4,11.2,CM,71
62.5,69.4,64.5,46.2,68.17,57.0,4.0,CAM,71
70.5,72.0,67.17,55.8,69.33,72.0,10.4,CAM,70
80.5,70.8,64.67,64.2,63.33,76.8,11.0,RB,70
65.0,65.0,52.67,67.2,61.83,65.0,9.0,CM,70
74.5,67.8,57.83,64.6,62.5,74.4,11.0,CDM,70
38.5,64.0,55.17,67.6,58.17,65.6,10.2,CM,70
72.5,69.4,64.83,58.0,68.83,70.0,12.6,CM,70
52.0,65.2,68.5,42.6,62.67,63.6,11.6,ST,70
58.5,69.6,71.0,50.8,72.67,64.6,11.2,CAM,70
50.5,55.0,34.0,67.8,41.83,70.0,10.0,CB,70
64.5,67.6,53.67,63.8,58.17,74.2,9.6,CM,70
62.5,59.6,47.0,70.4,58.0,72.0,12.0,CDM,70
57.0,53.4,37.67,68.2,47.83,80.8,11.0,CB,70
75.5,66.6,34.83,69.4,53.0,72.0,11.6,CB,70
77.0,65.6,46.17,65.8,62.83,69.6,7.6,RB,70
70.0,70.0,68.67,53.4,72.67,71.6,12.0,LM,70
72.5,71.8,51.83,66.6,60.67,70.8,11.4,RB,70
69.0,70.0,63.67,36.8,67.5,59.8,10.8,RM,70
67.5,65.2,67.17,47.6,68.0,63.4,10.4,CAM,70
55.0,55.4,68.5,32.8,54.0,61.4,11.0,ST,70
76.0,66.2,66.67,28.8,46.67,67.8,13.8,ST,70
77.5,70.6,67.17,59.0,69.5,65.8,12.6,CM,70
50.5,57.0,41.17,67.8,46.33,72.8,14.6,CB,70
71.5,76.8,66.17,36.6,68.0,61.8,9.0,LM,70
78.5,70.4,50.17,62.8,59.83,72.0,11.2,LB,70
73.5,68.6,46.67,65.2,60.33,67.8,13.2,RB,70
79.0,71.2,66.17,63.0,72.83,70.4,12.2,CM,70
64.5,59.4,45.17,67.6,50.5,74.6,13.4,CB,70
68.5,64.0,68.17,36.0,52.0,69.6,10.2,ST,70
45.0,37.0,17.67,14.4,19.67,45.0,71.0,GK,70
58.0,70.0,63.67,59.6,71.5,59.2,10.0,LM,70
75.0,70.0,65.83,66.4,66.5,72.2,13.4,RB,70
70.5,71.6,30.33,65.4,57.17,67.6,12.0,LB,70
62.0,52.4,37.5,71.8,40.0,69.0,12.4,CB,70
67.0,71.8,56.17,64.2,65.33,70.4,9.4,CM,70
73.0,70.6,68.33,37.0,65.0,58.0,12.8,CAM,70
34.0,56.8,64.17,63.0,75.5,66.4,12.0,CDM,70
56.5,46.4,31.5,69.8,35.17,67.8,12.4,CB,70
90.0,76.8,52.33,62.6,54.83,66.0,11.4,RB,70
73.0,67.6,68.5,37.6,70.33,68.2,14.0,CAM,70
86.0,67.6,57.5,65.0,57.17,78.4,10.4,RB,70
76.5,63.6,43.83,67.0,56.33,69.0,12.2,LB,70
58.5,61.2,49.0,68.2,55.67,68.4,9.6,LDM,70
73.5,77.2,52.67,46.4,66.17,59.4,8.6,CAM,70
38.0,29.0,15.5,13.6,17.0,50.2,67.4,GK,70
78.0,71.6,61.0,25.0,66.0,60.8,9.2,RM,70
68.5,67.2,64.83,63.0,67.83,68.4,9.8,CM,70
78.5,67.2,59.17,63.6,66.33,73.0,13.4,LM,70
72.0,72.2,46.5,66.8,57.5,66.6,9.8,CDM,70
78.0,72.4,60.0,64.2,68.17,69.2,11.8,LB,70
81.0,78.6,60.17,46.8,61.17,60.0,11.4,RM,70
22.5,33.0,11.0,13.8,18.0,40.2,69.6,GK,70
31.0,55.2,64.33,68.4,71.5,61.2,12.6,CAM,70
76.5,71.2,68.33,34.2,52.0,60.2,10.8,ST,70
80.5,68.6,56.67,62.4,68.0,68.4,9.0,RB,70
59.5,66.2,61.17,62.4,69.5,64.2,11.0,CDM,70
91.5,77.2,67.0,34.6,65.67,60.4,9.4,RM,70
33.0,57.0,61.5,68.8,63.17,73.0,10.8,CDM,70
67.5,57.6,38.33,66.4,49.17,69.0,9.0,CB,70
82.0,71.4,62.33,38.8,64.67,60.6,10.0,LM,70
46.5,35.8,16.83,12.0,14.83,43.2,67.2,GK,70
80.5,73.4,65.67,33.4,62.0,63.4,10.4,RM,70
86.0,73.6,66.17,31.0,60.67,67.4,11.4,ST,70
66.5,72.6,63.0,41.0,69.33,58.2,10.6,CAM,70
71.0,72.8,64.0,48.8,68.33,61.4,7.0,CAM,70
59.0,56.6,37.5,69.8,50.67,64.8,8.4,RDM,70
73.0,69.6,60.17,65.8,65.0,60.4,8.6,CDM,70
61.0,46.4,36.17,69.2,41.83,73.8,9.4,CB,70
53.5,61.2,39.33,69.8,52.17,68.0,8.4,CB,70
75.5,74.0,63.83,59.0,73.67,69.0,12.4,LDM,70
50.0,39.2,18.83,15.6,30.0,40.8,68.2,GK,70
69.0,71.2,67.5,41.8,74.67,68.8,13.0,RDM,70
33.0,52.8,63.17,67.2,64.17,69.6,10.2,CB,70
37.5,66.6,48.33,62.2,64.33,76.2,10.8,RDM,70
74.0,67.2,66.5,38.0,66.33,54.2,12.2,CAM,69
77.0,68.6,64.5,30.4,47.33,58.8,8.0,ST,69
81.5,73.2,52.5,66.4,62.67,72.6,10.6,CB,69
77.5,71.6,52.67,63.8,65.33,77.4,10.8,CM,69
71.5,60.8,66.17,37.6,57.83,66.8,9.6,ST,69
67.5,63.6,46.5,64.2,52.5,65.4,11.0,CDM,69
91.0,75.8,58.67,36.4,56.33,69.0,10.8,LM,69
48.0,46.0,38.5,69.0,41.83,62.2,9.2,CB,69
59.5,39.8,17.0,13.0,21.67,51.8,67.0,GK,69
54.0,48.0,33.33,68.4,37.33,73.0,9.8,CB,69
64.0,60.2,26.33,67.0,43.33,70.2,7.8,CB,69
49.5,46.6,44.0,67.2,45.17,73.4,9.2,CB,69
77.5,75.8,59.33,46.8,54.5,55.2,10.8,RAM,69
75.5,74.2,64.0,36.2,63.67,55.8,11.0,LM,69
81.0,73.4,67.0,43.2,61.0,68.6,10.0,LM,69
74.5,65.2,57.17,65.4,47.83,57.0,13.2,RB,69
55.5,37.6,16.5,15.8,23.5,52.2,68.2,GK,69
56.0,43.2,21.5,15.0,24.33,47.8,67.4,GK,69
24.5,31.8,16.5,13.6,21.0,50.0,68.4,GK,69
74.5,65.2,68.83,46.6,52.33,73.8,12.2,ST,69
73.5,71.4,65.33,23.4,59.5,60.4,9.6,LW,69
76.0,67.0,69.5,35.0,56.5,68.2,10.4,ST,69
75.0,71.0,54.83,30.0,60.83,67.8,14.0,RM,69
68.5,61.4,38.17,65.6,56.67,68.4,8.6,LB,69
24.5,34.8,11.5,10.2,17.67,44.0,67.6,GK,69
72.0,65.4,46.83,65.8,55.5,74.4,11.8,CM,69
48.0,51.6,44.17,65.4,49.5,72.8,9.8,CB,69
64.5,61.4,66.0,37.4,54.67,74.6,9.8,ST,69
73.0,70.8,45.17,65.6,56.5,66.0,12.6,CB,69
68.5,64.6,38.17,68.2,56.0,69.6,11.8,LB,69
70.0,69.2,60.17,65.0,68.83,62.6,11.2,LB,69
37.0,37.2,21.5,14.2,29.17,46.6,65.8,GK,69
83.0,67.8,52.0,65.2,55.33,69.4,11.6,RB,69
83.0,69.0,65.67,45.0,61.83,64.2,11.2,RM,69
79.0,72.0,64.17,32.0,58.33,56.2,9.6,RW,69
71.0,70.4,60.17,50.6,64.67,60.4,10.0,RW,69
76.0,71.8,58.0,63.2,59.17,59.2,9.6,RWB,69
61.5,61.6,65.83,42.2,54.0,66.0,10.8,ST,69
62.5,53.8,33.33,69.0,39.67,67.0,10.6,CB,69
69.0,69.2,68.17,28.0,60.67,66.6,12.0,CAM,69
85.5,76.0,60.67,33.8,59.33,59.2,10.8,LAM,69
65.5,66.0,55.0,68.4,62.5,65.8,13.0,RB,69
68.0,65.6,69.17,31.6,52.0,70.0,10.2,ST,69
70.0,68.6,55.67,62.0,64.0,70.2,10.6,LDM,69
55.5,50.6,29.5,67.6,30.83,65.8,10.4,CB,69
70.0,68.8,60.17,47.8,65.33,56.4,11.6,LM,69
88.5,74.6,55.0,60.8,63.5,73.4,11.2,RB,69
76.0,72.0,53.83,62.0,65.0,66.2,9.8,RB,69
69.5,68.8,57.33,64.4,62.0,68.6,8.6,CM,69
66.5,62.6,54.5,67.6,58.83,61.6,8.0,CDM,69
79.5,71.6,63.83,33.0,63.0,65.2,8.2,LW,69
75.5,75.2,59.17,32.8,62.33,54.2,11.8,LW,69
65.5,64.4,39.83,68.2,54.17,68.4,11.0,CB,69
23.5,28.8,13.33,16.0,19.17,39.6,70.6,GK,69
51.5,51.8,33.83,68.6,39.5,70.2,14.2,CB,69
76.0,68.8,59.33,35.0,67.0,64.4,6.8,RW,69
58.0,47.0,32.5,67.2,37.5,67.8,10.6,CB,69
68.0,62.6,61.0,65.2,63.83,72.0,11.0,LB,69
76.0,68.6,33.0,65.0,57.0,63.8,7.8,LB,69
70.0,54.4,33.0,68.8,27.83,67.4,11.2,CB,69
74.0,68.8,66.17,31.4,57.33,61.6,12.4,ST,69
90.0,72.8,62.17,25.6,57.33,54.2,10.8,RM,69
48.5,37.8,18.67,16.8,23.83,48.2,68.0,GK,69
77.0,70.6,57.0,66.4,61.83,62.8,11.8,RB,69
56.0,36.8,12.5,22.0,22.33,58.2,67.8,GK,69
60.0,52.2,28.5,68.6,36.33,67.0,11.2,CB,69
68.5,70.8,59.83,29.0,60.17,55.6,11.8,CAM,69
64.5,57.6,32.5,64.4,42.17,74.6,10.8,CB,69
63.5,70.8,61.0,61.8,60.17,74.4,10.2,LDM,69
39.0,32.8,14.33,17.2,18.0,42.8,68.2,GK,69
75.5,67.4,62.67,35.2,60.67,68.0,11.0,LM,69
65.5,55.0,43.83,66.4,41.67,73.8,8.2,CB,69
60.0,55.2,43.17,70.4,42.17,65.4,10.6,CB,69
78.5,71.4,65.67,48.0,65.5,67.2,11.0,LM,69
78.5,74.4,62.67,36.0,60.5,53.8,11.2,LM,69
81.0,72.0,66.0,47.0,64.67,74.0,11.2,RM,69
49.5,41.4,10.33,12.6,24.0,48.6,68.2,GK,69
78.0,76.2,59.33,36.2,63.17,52.6,10.2,LM,69
89.5,80.6,59.67,33.4,54.33,61.8,11.4,CAM,69
64.5,76.6,66.33,51.6,71.67,64.6,12.6,RM,69
61.0,64.2,50.67,69.8,57.17,72.6,10.6,RB,69
79.5,72.6,52.83,62.4,57.17,60.0,9.6,LB,68
77.0,71.6,64.67,31.8,55.5,56.4,11.8,LW,68
75.0,69.2,34.0,64.8,48.17,66.4,8.4,RB,68
30.0,33.2,21.17,15.0,22.0,44.8,67.0,GK,68
73.0,68.6,61.5,59.6,59.33,69.0,11.2,CM,68
73.0,66.8,60.5,33.0,52.67,61.0,12.6,ST,68
75.5,66.0,66.83,27.4,46.67,61.8,8.6,ST,68
57.0,53.0,64.17,34.4,31.17,75.0,9.2,LS,68
63.5,52.8,33.67,68.8,41.67,68.4,10.0,CB,68
49.0,58.8,40.5,68.2,61.17,65.4,14.2,CB,68
26.5,30.8,12.5,13.2,23.0,30.2,67.2,GK,68
50.0,47.8,24.17,21.6,23.67,52.6,65.2,GK,68
76.0,70.0,62.0,53.8,59.83,64.6,10.2,LM,68
82.0,75.2,66.5,26.4,67.83,57.2,9.0,CAM,68
30.0,36.4,14.17,17.6,23.0,35.8,66.0,GK,68
76.0,66.4,51.17,63.4,55.17,65.2,11.6,RB,68
74.0,65.6,61.0,39.4,56.5,70.4,11.6,ST,68
63.5,70.8,56.33,54.6,68.33,68.2,11.4,LW,68
60.5,56.8,41.83,64.2,53.5,71.2,8.4,CB,68
82.5,66.4,47.17,63.8,49.33,77.2,10.8,LB,68
66.0,65.4,58.5,63.6,63.0,68.0,10.6,CM,68
81.5,63.0,43.83,63.0,56.67,68.6,10.6,LB,68
74.0,76.2,64.5,39.2,64.33,53.0,10.6,CAM,68
49.0,40.4,14.17,18.8,21.33,48.6,68.2,GK,68
49.5,69.6,56.83,59.8,61.33,69.6,13.0,LDM,68
67.0,61.0,45.33,69.6,53.33,65.4,9.2,CB,68
77.5,77.4,46.0,31.6,60.5,56.0,9.0,LM,68
40.5,30.6,17.17,19.4,21.17,43.4,67.4,GK,68
67.0,71.4,61.67,49.2,66.67,54.8,8.8,CAM,68
81.0,72.2,66.83,29.8,55.33,65.0,10.2,LW,68
55.5,61.8,57.0,61.6,57.33,72.2,12.4,CM,68
73.5,66.0,54.67,63.8,65.33,70.0,9.0,CM,68
72.5,57.2,47.17,67.0,50.33,68.2,13.0,CB,68
46.5,52.0,51.5,64.4,54.67,81.4,11.0,CDM,68
55.5,60.2,53.33,63.4,55.0,74.0,9.6,CDM,68
43.5,34.4,17.83,16.0,26.17,39.8,67.2,GK,68
68.5,72.8,46.83,63.6,53.33,64.4,11.8,RB,68
70.5,67.4,37.67,67.4,51.17,65.2,11.4,CB,68
40.5,64.2,52.17,61.4,67.83,63.2,11.4,LDM,68
63.5,65.0,59.67,60.8,60.83,68.6,10.4,LDM,68
74.5,65.4,68.17,30.6,46.33,63.4,10.6,ST,68
88.5,77.0,59.33,35.2,59.33,61.0,10.8,RM,68
59.5,62.6,59.0,68.4,64.67,68.4,10.2,RB,68
81.5,76.6,62.33,39.0,63.5,61.4,8.2,LW,68
83.0,69.8,51.0,31.8,55.17,61.6,9.8,LM,68
67.0,63.2,65.0,34.6,39.67,68.0,11.2,LS,68
39.0,49.6,33.83,68.8,38.0,71.2,10.4,CB,68
67.5,59.2,65.33,29.8,45.33,64.2,10.8,ST,68
73.0,65.6,65.0,30.6,48.83,75.6,10.8,ST,68
78.0,71.6,67.67,41.8,60.67,66.6,9.6,RM,68
56.0,70.2,64.33,61.8,69.67,64.8,11.0,RDM,68
89.5,71.4,59.5,30.2,60.33,62.4,13.0,RM,68
65.0,61.6,34.0,66.4,40.33,69.6,11.2,CB,68
67.0,69.4,68.5,50.0,67.33,59.0,13.6,RW,68
70.5,63.6,68.0,36.4,57.17,68.2,11.8,ST,68
68.0,58.8,43.83,69.6,48.83,63.6,9.8,LB,68
78.5,66.8,45.0,61.4,55.67,69.6,9.2,RB,68
69.5,69.6,42.83,64.0,51.83,74.0,10.0,CDM,68
89.5,69.0,57.17,32.6,60.0,52.8,8.8,RM,68
37.0,39.4,10.67,9.4,18.5,48.6,67.2,GK,68
74.0,65.0,53.33,60.6,65.83,69.4,11.4,LB,68
70.0,74.0,57.83,54.4,63.33,57.6,11.4,RM,68
83.5,65.0,63.83,30.2,44.0,67.2,9.6,ST,68
69.5,70.2,52.17,61.0,64.0,69.4,11.4,CM,68
66.5,60.4,43.33,69.0,47.0,66.4,9.0,CB,68
17.0,31.2,17.83,14.6,20.17,46.8,67.4,GK,68
82.5,72.8,57.33,27.0,58.67,56.0,10.6,LW,68
30.5,34.2,15.5,16.8,25.17,45.8,66.8,GK,68
64.0,55.0,38.33,67.2,47.83,64.8,8.8,CB,68
48.5,46.8,16.83,14.2,26.17,49.8,67.2,GK,68
75.5,68.4,64.5,40.2,63.67,65.4,13.8,RM,68
67.5,62.4,65.33,42.0,53.83,75.6,7.4,ST,68
56.0,42.6,11.83,15.6,26.67,39.8,66.4,GK,68
70.5,61.8,19.33,65.6,42.17,69.4,12.2,CB,68
72.0,64.6,45.0,63.8,52.33,68.0,11.8,LDM,68
64.0,61.8,57.5,69.2,60.33,64.4,11.6,RB,68
75.5,65.2,67.67,31.6,49.33,57.6,10.2,ST,68
71.0,69.0,61.33,60.4,66.17,71.4,12.2,CM,68
77.0,69.0,44.17,66.4,54.67,61.6,11.8,LB,68
77.0,71.6,62.83,36.2,69.0,54.6,8.2,LM,68
69.0,69.0,70.83,29.8,60.5,65.8,8.6,LS,68
54.0,48.8,57.0,64.4,49.33,78.0,10.4,CB,68
39.5,35.0,14.0,14.0,23.5,42.0,66.0,GK,68
51.0,52.0,39.67,66.0,50.67,67.6,12.4,CB,68
72.0,67.6,52.0,61.6,59.83,64.6,9.8,CM,68
66.0,67.0,69.5,41.6,68.0,64.8,9.0,LS,67
73.5,65.8,54.67,54.0,54.17,62.0,9.2,LW,67
37.0,35.6,10.33,11.8,13.5,39.0,64.6,GK,67
47.0,39.4,19.5,15.6,22.0,45.4,67.2,GK,67
79.0,71.4,62.5,29.2,63.0,50.4,12.2,LM,67
69.0,67.0,64.5,23.6,50.67,46.4,9.6,ST,67
59.5,63.8,65.33,31.2,44.83,64.8,10.2,ST,67
65.5,69.0,60.83,36.0,68.67,57.6,8.6,CAM,67
76.5,66.0,38.33,65.6,48.5,72.0,10.4,LB,67
52.0,62.0,66.67,33.6,59.5,66.4,9.6,ST,67
24.5,32.4,10.33,11.4,19.33,42.6,65.6,GK,67
83.0,72.8,55.17,26.8,60.17,51.2,8.2,RW,67
69.0,66.6,54.0,59.8,55.67,74.4,9.6,CM,67
52.5,39.8,12.5,15.4,18.0,40.6,66.0,GK,67
46.0,66.0,65.17,54.0,72.0,66.0,12.6,CM,67
63.0,65.8,67.67,51.2,65.0,67.4,14.0,ST,67
51.5,51.4,42.67,65.8,50.0,67.6,12.0,CB,67
63.0,50.8,32.67,66.8,45.33,65.8,14.0,CB,67
19.0,26.8,13.17,12.6,24.83,29.2,65.6,GK,67
47.5,55.4,67.67,33.0,38.67,71.8,9.6,ST,67
72.5,70.2,53.83,51.0,64.33,62.2,10.6,CM,67
47.5,42.2,20.67,20.8,27.5,52.4,65.8,GK,67
68.0,67.0,53.83,63.6,69.5,67.6,10.8,LB,67
45.5,38.4,17.0,17.0,28.67,48.4,67.4,GK,67
78.5,75.4,54.17,59.6,58.17,65.0,9.2,CM,67
50.0,41.2,17.33,19.0,22.5,51.8,65.0,GK,67
63.0,61.4,35.67,67.4,49.0,66.4,9.6,CB,67
77.0,76.2,63.67,26.4,60.67,58.6,9.8,RW,67
20.5,35.2,17.5,16.4,20.5,33.6,67.2,GK,67
59.5,57.4,53.5,67.6,55.0,73.2,12.2,RDM,67
78.5,72.8,56.0,24.2,55.83,62.0,10.2,RM,67
77.0,66.2,54.67,62.6,66.83,64.0,10.2,LB,67
73.0,65.6,38.67,66.0,50.0,69.0,8.6,CB,67
65.5,56.6,55.17,63.6,48.0,72.8,12.4,CB,67
75.5,68.0,55.67,64.2,59.0,69.0,13.4,CM,67
59.5,46.2,31.33,65.2,39.33,69.6,10.4,CB,67
73.5,70.0,66.17,35.2,55.83,65.8,11.4,ST,67
86.0,75.4,57.5,29.4,55.5,55.8,10.2,LM,67
73.0,70.8,66.33,36.0,60.0,48.4,11.0,RM,67
55.5,67.6,65.0,34.6,56.83,65.4,11.0,ST,67
56.5,38.8,17.33,19.4,23.67,41.2,65.8,GK,67
87.0,69.4,57.83,29.4,52.67,59.6,10.0,LM,67
70.5,69.6,39.83,62.0,59.0,75.6,11.8,LB,67
65.5,56.4,62.5,34.0,45.17,68.6,11.8,ST,67
78.0,70.4,59.0,58.4,61.83,59.6,12.4,CM,67
71.5,65.0,44.83,62.0,57.17,67.0,10.6,RB,67
74.0,65.8,64.67,36.0,58.83,61.8,9.6,RW,67
77.0,64.6,64.83,26.0,51.67,56.6,7.2,ST,67
59.5,61.0,32.83,70.2,48.33,66.2,10.2,CDM,67
43.5,40.2,19.5,16.8,23.0,47.2,65.8,GK,67
49.0,55.4,27.83,65.2,38.17,68.8,10.4,CB,67
66.0,67.0,70.33,34.4,58.17,58.8,16.0,CAM,67
64.0,67.6,50.33,52.0,57.67,55.6,10.0,CM,67
85.5,72.2,54.33,36.8,60.67,60.0,10.2,RW,67
78.0,67.4,55.83,49.8,60.5,62.0,9.6,CAM,67
66.0,55.6,46.17,62.4,57.67,61.2,10.8,CDM,67
78.5,63.2,46.5,63.6,47.0,66.2,8.8,LB,67
73.5,68.6,67.67,32.4,68.67,60.6,9.4,RM,67
47.0,35.8,19.83,19.0,22.17,51.2,66.2,GK,67
68.0,70.6,49.33,60.8,52.83,79.0,12.4,RDM,67
77.5,66.4,51.67,60.0,60.17,70.2,9.2,LB,67
66.5,58.8,64.67,32.0,50.33,57.4,9.6,ST,67
29.5,46.4,30.83,66.0,45.83,60.8,12.0,CB,67
70.5,72.0,56.33,32.6,63.33,52.2,10.6,RM,67
62.0,59.8,45.17,64.8,52.67,69.8,8.8,CB,67
68.0,70.2,44.83,59.4,58.17,71.2,10.0,CM,67
48.0,56.2,34.5,67.4,51.0,63.8,10.2,CB,67
72.0,71.8,63.5,30.6,58.17,69.2,12.8,ST,67
38.5,36.8,16.0,15.2,21.67,47.4,66.6,GK,67
72.0,60.8,65.67,30.6,51.67,49.8,8.2,ST,67
73.0,65.0,60.67,33.4,37.0,66.2,10.0,ST,67
33.0,38.4,32.83,66.0,45.83,71.8,11.6,CB,67
48.0,33.2,17.67,18.0,22.0,45.2,66.2,GK,67
66.0,72.2,50.33,41.6,64.83,53.6,11.2,RM,67
74.5,62.4,49.0,63.4,53.17,73.8,10.2,RB,67
78.5,70.0,60.5,29.6,63.5,60.2,12.6,CAM,67
79.0,66.8,42.17,59.8,57.5,64.6,12.4,LB,67
73.0,67.8,59.33,40.2,59.67,63.8,11.6,RM,67
68.5,55.8,43.83,65.6,45.17,69.2,11.0,CB,67
66.5,65.4,50.5,64.0,60.67,72.2,9.4,LB,67
72.0,62.2,36.5,63.6,51.0,69.8,10.2,LB,67
85.5,72.2,56.33,31.2,57.0,57.0,1.0,RM,67
69.5,55.4,45.17,65.6,51.33,75.8,10.0,RB,67
71.0,49.6,31.5,65.0,35.33,72.6,11.6,CB,67
67.0,72.0,54.67,65.8,61.83,78.0,10.2,CM,67
72.5,67.6,57.83,60.8,62.0,71.6,9.2,LB,67
76.5,67.8,56.5,44.6,55.33,52.0,10.4,RM,67
53.0,52.4,32.67,64.2,49.83,71.6,11.4,CB,67
82.0,71.6,62.83,30.4,58.0,65.4,7.2,CAM,67
77.5,73.0,48.33,59.6,62.17,68.8,8.0,CDM,67
60.5,54.6,30.33,66.6,38.83,67.4,14.2,CB,67
71.0,66.2,62.17,41.0,56.17,62.4,11.4,ST,67
54.5,63.8,64.0,52.4,64.0,70.0,9.4,RM,66
81.5,68.2,63.17,37.0,56.83,70.8,11.4,RM,66
58.5,65.0,55.17,64.0,61.0,73.8,9.0,CDM,66
63.5,52.4,36.17,64.0,45.33,67.0,11.4,CB,66
53.5,49.6,28.5,64.6,37.83,65.6,10.6,CB,66
71.0,70.6,59.17,51.6,60.83,60.2,11.0,RM,66
46.0,65.0,67.83,39.6,68.83,48.0,9.6,CAM,66
69.0,68.6,54.5,58.2,60.17,55.2,10.2,CM,66
50.5,56.4,43.83,62.6,53.17,72.2,14.2,CB,66
61.0,60.2,45.5,61.4,53.67,67.8,10.0,CDM,66
80.0,64.0,47.17,60.2,56.17,63.6,12.0,RB,66
78.5,67.4,53.33,30.6,58.67,59.0,9.4,RW,66
73.5,66.8,56.83,51.2,70.0,66.0,8.8,LM,66
66.0,53.6,26.67,65.2,35.5,66.4,9.2,CB,66
77.5,70.2,60.5,31.0,52.5,54.6,10.2,RAM,66
63.5,68.0,65.33,32.8,59.17,66.8,11.2,ST,66
59.0,54.8,47.0,66.0,46.67,63.6,11.4,CM,66
85.0,69.2,59.67,35.0,55.0,59.8,12.4,RW,66
55.0,57.6,44.33,67.8,49.67,68.6,13.6,CDM,66
76.0,66.4,61.0,63.6,62.67,69.0,13.8,CM,66
71.5,67.8,59.17,29.6,49.17,52.6,10.8,RW,66
43.5,37.8,19.17,13.6,21.5,37.4,64.0,GK,66
42.0,61.8,48.83,57.8,54.83,63.2,12.8,CM,66
68.0,73.0,56.0,55.8,63.67,65.4,10.2,LDM,66
67.0,63.8,55.83,62.4,62.5,71.6,12.8,LDM,66
74.0,70.0,63.0,41.6,58.33,61.4,10.4,LF,66
80.0,61.0,35.67,61.0,54.17,66.4,9.8,RB,66
32.0,34.2,8.5,12.2,26.17,50.8,65.2,GK,66
67.0,66.0,53.0,58.8,57.33,71.8,12.0,CM,66
75.5,60.8,30.33,62.0,43.17,57.8,11.2,RB,66
49.0,56.4,65.33,33.4,47.33,58.8,10.4,ST,66
65.5,58.6,33.17,62.8,44.83,72.0,10.8,CB,66
77.5,64.6,49.0,50.6,61.33,64.0,11.4,LW,66
47.0,53.4,66.67,32.2,49.17,72.6,12.8,ST,66
69.0,68.4,50.67,61.0,68.17,67.6,12.2,LM,66
41.0,36.2,16.5,16.4,24.0,42.2,65.8,GK,66
51.5,49.6,25.5,65.2,29.5,71.0,9.4,CB,66
53.0,56.0,36.33,65.4,47.67,61.2,10.4,CB,66
52.5,53.4,45.83,63.2,45.0,71.0,10.8,CB,66
71.5,66.6,68.83,39.6,62.83,56.8,12.8,ST,66
71.0,70.8,52.5,61.4,58.83,69.4,10.0,LB,66
76.0,60.6,38.33,62.8,59.0,66.0,12.2,RB,66
75.5,63.6,36.33,59.2,56.17,66.2,11.6,RB,66
77.5,68.4,56.17,52.8,62.5,66.6,11.6,CM,66
61.5,67.8,64.0,56.6,62.67,70.0,11.6,CM,66
66.0,62.0,62.67,42.0,61.33,57.2,14.2,CAM,66
63.5,67.8,60.5,56.4,60.67,64.2,12.0,CM,66
74.0,65.2,48.17,61.0,62.5,63.4,9.2,LB,66
66.0,65.0,66.67,61.6,69.17,71.2,11.8,CDM,66
52.0,56.4,34.67,64.0,39.17,72.0,10.8,CB,66
79.0,49.0,33.17,65.0,44.5,68.6,9.4,CB,66
45.0,54.2,34.5,64.8,43.83,64.8,9.4,CB,66
77.5,60.4,47.67,61.8,48.5,65.2,12.4,RB,66
65.5,71.6,54.33,60.0,63.67,60.8,10.0,CDM,66
70.0,60.2,58.83,30.4,57.67,50.6,14.0,CAM,66
69.5,64.4,42.67,63.6,52.17,69.4,10.6,CDM,66
70.5,65.6,62.67,29.8,40.33,64.6,7.6,ST,66
36.0,48.6,37.33,65.0,37.5,66.0,10.8,CB,66
73.5,63.8,52.17,60.2,63.0,71.4,10.0,LB,66
61.5,70.2,63.83,50.2,57.33,68.6,10.8,LM,66
69.0,56.2,63.5,34.8,54.33,61.6,11.8,ST,66
72.0,73.2,60.5,63.4,56.67,64.0,10.0,RM,66
73.5,73.4,58.0,42.6,64.5,62.8,10.8,CM,66
47.5,62.6,34.5,68.6,43.0,62.6,10.4,RB,66
71.0,63.6,55.83,62.0,61.17,72.2,9.6,LB,66
79.5,68.2,60.67,46.4,58.83,59.8,9.2,LM,66
65.5,63.4,58.0,57.4,70.0,66.0,9.0,CDM,66
71.5,60.4,44.33,61.6,55.0,71.6,13.2,RB,66
85.0,65.0,59.83,35.8,48.83,67.4,11.2,ST,66
72.5,67.8,53.17,59.8,56.67,67.0,12.4,CM,66
71.5,74.8,60.0,55.0,59.17,64.6,9.8,CDM,66
73.5,71.4,54.83,50.6,58.67,55.2,11.4,LDM,66
46.5,68.2,40.17,59.0,52.0,71.6,11.8,LDM,66
44.0,53.2,46.17,65.2,51.17,66.8,12.6,CDM,66
66.0,62.8,57.33,63.0,57.0,70.0,10.8,CDM,66
61.5,63.6,54.5,64.8,57.33,74.0,9.6,CM,66
50.5,57.2,48.83,62.8,54.5,71.2,11.8,CB,66
79.0,67.8,55.5,64.0,52.5,74.6,10.2,RM,66
44.5,48.4,32.67,64.8,48.0,63.8,14.4,CB,66
73.0,73.2,61.33,33.8,53.67,66.2,11.2,ST,66
65.5,61.6,61.33,65.0,54.0,74.0,8.8,RDM,66
66.5,70.4,66.17,33.0,49.0,65.8,10.4,ST,66
32.0,29.8,12.17,13.8,22.83,38.4,66.4,GK,66
83.5,74.8,49.17,46.4,57.17,61.8,11.8,CAM,66
68.5,59.0,63.33,37.8,45.0,63.8,10.4,ST,66
77.5,71.8,57.5,50.2,53.33,68.4,13.8,RM,66
85.5,64.8,56.67,47.6,48.83,65.0,10.0,RM,66
31.0,39.8,14.83,15.8,18.33,42.2,65.2,GK,66
52.5,53.8,47.33,65.4,55.33,60.6,10.8,CB,66
36.5,34.8,10.83,17.0,18.67,40.0,65.0,GK,66
63.5,63.8,59.5,48.0,65.83,61.8,10.0,CAM,66
56.5,63.8,39.83,59.8,57.17,63.0,8.2,CDM,66
57.0,51.2,46.67,63.4,52.5,70.4,11.2,CB,66
75.0,61.6,49.17,63.6,52.0,70.0,9.6,CB,66
67.5,57.2,46.5,60.6,52.83,67.6,11.2,RDM,66
83.5,61.4,57.17,49.2,54.83,50.4,10.8,RM,66
73.5,67.4,64.83,33.2,60.67,57.8,10.6,LM,65
43.5,61.2,48.33,62.2,52.17,68.4,12.0,CDM,65
53.5,64.8,63.67,29.6,49.17,62.6,10.4,ST,65
71.5,70.6,45.83,50.2,58.0,63.8,9.8,CM,65
67.5,66.0,59.67,60.2,59.67,71.6,9.8,CM,65
54.5,48.2,36.0,67.4,35.67,57.6,11.2,CB,65
65.0,61.0,48.33,63.0,53.67,59.6,12.4,LB,65
73.5,50.6,32.83,63.8,36.5,69.4,10.8,CB,65
73.0,68.4,50.17,60.2,58.0,67.4,8.4,CM,65
62.5,59.6,61.5,30.0,48.83,56.2,12.0,ST,65
64.5,60.4,53.83,61.6,56.0,64.4,11.6,CDM,65
73.0,69.0,50.17,59.2,52.5,65.8,8.2,CDM,65
35.5,30.6,12.5,13.6,16.0,38.2,65.0,GK,65
72.5,70.6,57.5,36.2,56.5,59.0,9.2,LM,65
48.0,43.4,27.0,63.2,42.17,66.6,9.8,CB,65
69.5,67.8,50.0,62.8,57.17,64.0,12.2,LB,65
65.0,58.0,59.0,32.8,46.83,67.4,11.6,LS,65
71.5,74.8,54.67,30.8,55.17,57.6,11.6,CAM,65
70.0,66.2,61.83,26.6,50.17,56.2,8.6,RS,65
75.5,68.8,61.17,26.8,52.33,48.0,10.8,RM,65
62.0,51.2,35.0,61.6,44.83,68.4,10.4,CB,65
73.0,64.8,61.83,33.0,45.83,59.6,11.2,ST,65
80.0,67.4,57.33,31.6,63.5,56.4,12.4,LM,65
70.0,57.0,43.17,64.2,45.33,73.8,9.6,RB,65
69.0,70.2,57.67,35.8,64.67,60.4,11.4,RM,65
53.5,66.4,59.17,31.2,51.83,52.8,9.6,RDM,65
61.0,54.8,60.67,31.6,40.33,62.4,11.0,ST,65
38.5,61.6,57.5,61.6,55.83,61.6,11.0,LDM,65
70.5,61.6,61.33,39.4,62.5,51.0,11.8,RM,65
69.5,73.4,56.5,42.8,60.67,60.4,12.0,RM,65
78.5,69.8,59.17,58.6,51.5,65.6,12.0,RB,65
68.5,72.0,60.67,47.0,59.17,53.6,8.8,CM,65
73.0,60.6,47.83,62.2,56.67,71.2,12.6,RB,65
71.0,64.8,53.17,42.2,56.0,53.0,8.6,RM,65
75.0,66.6,31.17,62.8,49.67,66.8,12.0,LB,65
81.5,66.8,60.5,34.8,64.0,62.2,8.4,LM,65
66.0,58.0,46.0,60.6,54.17,65.4,11.4,CDM,65
74.5,68.2,57.17,56.4,59.83,73.2,12.2,CM,65
74.5,64.4,31.17,59.2,43.0,65.2,8.4,LB,65
49.5,53.2,45.0,62.0,49.33,59.6,13.6,CB,65
59.0,49.2,43.17,64.6,47.0,67.4,8.4,RB,65
80.0,65.4,33.33,57.6,47.0,60.2,9.4,RB,65
63.0,58.8,49.67,59.8,54.33,65.4,10.6,CB,65
30.0,36.6,11.33,12.2,16.67,55.0,64.4,GK,65
69.0,59.0,48.83,64.2,56.17,64.6,10.4,RB,65
87.0,64.0,59.5,35.6,41.33,57.8,12.6,LS,65
67.0,63.6,50.0,62.2,61.33,70.8,9.8,LB,65
61.5,65.0,44.0,51.8,59.67,61.4,9.4,CM,65
85.5,68.0,56.83,31.8,54.17,55.0,8.8,LW,65
81.5,64.2,39.33,59.2,52.0,67.2,11.4,LB,65
48.5,60.8,46.67,61.2,51.33,72.8,17.8,CB,65
40.5,46.6,30.5,64.2,39.0,63.0,12.2,CB,65
74.5,68.0,64.83,55.6,64.33,66.2,9.4,CM,65
70.5,61.4,50.5,60.8,63.83,59.4,8.0,LB,65
58.5,64.0,48.67,63.8,57.5,69.6,11.4,LB,65
73.5,66.8,62.0,38.8,53.67,59.0,9.0,ST,65
70.0,64.0,33.33,60.4,46.5,65.0,11.6,LB,65
68.0,65.8,63.17,55.4,61.67,64.0,12.8,CAM,65
71.5,65.2,54.17,58.2,57.33,65.8,12.6,RM,65
61.5,51.6,31.5,64.4,40.83,67.2,10.0,CB,65
74.5,62.4,36.67,59.0,51.17,67.6,8.6,RB,65
78.5,65.0,57.0,32.2,54.67,53.8,10.6,LW,65
66.0,59.2,44.5,62.4,56.33,64.0,9.2,CB,65
72.5,63.4,56.83,62.0,59.17,68.4,12.2,RDM,65
66.5,54.6,41.0,60.8,55.0,67.6,13.2,LB,65
61.0,66.4,56.0,55.8,64.0,75.8,10.4,CM,65
72.0,68.2,53.67,44.4,58.83,58.2,9.0,CM,65
37.5,49.0,27.17,62.6,46.67,71.4,10.8,CB,65
68.5,63.2,52.33,51.0,61.33,59.8,9.8,CM,65
84.5,68.8,40.67,55.0,49.17,65.8,10.2,LB,65
74.0,67.2,49.83,38.4,55.5,63.4,8.8,RM,65
63.0,58.8,40.5,64.2,50.33,62.8,12.4,CDM,65
43.5,35.8,14.5,14.6,21.33,42.8,64.6,GK,65
46.0,53.2,38.33,64.4,52.17,64.6,11.8,CDM,65
32.5,33.2,14.5,16.4,30.17,44.6,64.0,GK,65
84.5,72.8,46.5,58.0,46.67,62.8,10.8,RB,65
84.5,67.6,59.17,33.8,51.67,63.2,10.0,RM,65
69.5,60.4,61.0,28.8,43.67,61.0,9.4,ST,65
78.0,66.0,60.83,43.6,53.33,69.4,10.0,ST,65
71.5,64.2,60.0,31.6,46.5,63.8,8.8,LS,65
63.5,57.6,61.0,58.2,38.17,67.6,10.2,ST,65
74.5,66.0,58.33,60.2,61.33,61.6,10.8,RB,65
79.0,69.6,50.67,51.6,57.5,65.6,10.8,RM,65
83.5,67.2,51.0,31.0,57.5,44.4,9.4,LM,65
78.5,64.4,60.0,48.2,61.0,69.6,10.6,RM,65
53.5,59.4,57.33,60.6,58.83,62.6,10.6,LDM,65
67.5,66.4,60.0,41.2,59.83,57.4,8.8,CAM,65
65.5,66.2,53.67,57.8,62.17,60.4,8.2,RB,64
90.0,72.0,57.83,33.8,49.33,66.0,10.6,ST,64
61.0,58.2,44.17,62.8,51.5,61.4,9.4,CB,64
44.5,37.0,16.33,20.6,21.67,38.8,62.8,GK,64
77.5,64.6,61.33,23.6,45.5,60.4,9.2,ST,64
78.5,64.4,41.83,59.2,53.5,63.6,11.2,LB,64
82.0,66.8,60.0,37.8,54.33,61.4,13.4,ST,64
65.0,65.0,51.83,58.6,54.67,66.0,7.8,CM,64
68.0,66.6,46.0,60.8,49.17,66.0,10.0,CDM,64
50.0,33.2,18.33,19.2,21.33,45.2,64.2,GK,64
75.5,65.6,63.17,54.8,67.0,61.0,12.4,RB,64
57.0,64.4,56.0,35.2,62.0,61.2,10.4,CM,64
31.5,32.0,14.83,15.8,18.67,48.0,64.8,GK,64
80.5,63.4,63.5,29.4,55.0,59.2,10.0,RW,64
62.0,63.2,48.5,60.4,53.83,66.4,9.4,CB,64
80.0,69.6,61.0,27.4,44.0,58.4,8.8,ST,64
77.5,70.2,60.67,46.8,59.0,56.0,10.8,LW,64
70.5,70.4,53.17,54.4,57.17,63.6,9.2,CAM,64
61.0,63.0,41.83,63.2,51.83,61.0,10.0,LB,64
77.5,67.4,59.67,28.8,55.33,56.8,8.8,CAM,64
65.5,56.0,34.33,63.4,40.33,63.6,12.0,CB,64
70.5,68.4,56.33,46.4,54.0,63.6,10.0,LM,64
77.5,65.6,57.17,39.6,56.33,61.0,9.8,LW,64
74.0,71.0,58.33,43.2,63.67,53.4,10.4,CM,64
51.0,54.4,46.5,64.2,51.17,61.8,11.8,CB,64
59.0,63.4,61.5,62.6,61.33,63.2,11.8,CB,64
75.5,66.0,37.83,56.0,51.0,62.6,10.6,RB,64
68.5,62.0,59.5,61.6,61.5,65.6,11.0,CM,64
54.0,44.8,33.17,64.6,37.83,63.6,10.4,CB,64
73.5,68.6,62.33,28.4,54.33,48.8,11.2,LW,64
73.0,67.8,58.0,36.0,59.5,60.8,12.0,LM,64
76.5,64.4,58.17,42.0,54.5,60.4,10.4,LW,64
80.0,69.0,60.33,23.4,43.5,51.6,10.6,ST,64
74.5,68.2,56.17,46.2,59.0,57.2,10.2,CAM,64
54.5,61.6,54.83,62.4,59.83,64.0,11.8,CB,64
84.0,71.6,56.17,42.0,55.0,57.0,10.6,CM,64
73.5,63.2,33.67,56.8,50.83,69.2,8.0,RB,64
69.5,64.2,57.33,37.8,63.83,57.4,9.8,RM,64
39.0,50.8,52.83,61.6,59.5,67.4,12.0,CB,64
61.5,69.8,53.5,59.0,58.5,58.8,9.8,CDM,64
41.0,54.4,34.83,62.2,38.17,72.8,11.2,CB,64
73.5,65.6,57.83,56.8,57.17,67.6,9.8,LM,64
74.0,60.2,44.83,63.2,53.5,70.4,10.2,LDM,64
80.5,70.0,53.83,47.8,59.5,65.6,11.8,RM,64
75.5,66.0,60.5,34.0,56.17,49.2,10.6,LW,64
72.5,63.0,47.83,60.2,51.33,68.0,7.4,CB,64
61.0,62.0,62.33,46.8,67.33,47.8,10.6,LDM,64
50.0,57.4,60.17,27.2,44.5,65.6,10.0,ST,64
81.5,64.8,50.5,62.2,45.67,64.8,11.0,LB,64
62.0,50.4,28.83,62.8,38.67,64.6,11.2,CB,64
65.5,59.6,43.67,57.8,54.33,61.8,8.2,CDM,64
68.0,62.8,65.33,40.8,46.5,65.4,11.2,CF,64
61.0,50.2,24.33,62.0,41.67,68.6,12.0,CB,64
66.5,42.0,44.33,62.6,39.83,67.2,9.4,CB,64
67.0,64.4,41.67,59.6,50.33,71.4,12.0,LDM,64
51.0,42.4,16.67,15.2,20.33,45.2,63.2,GK,64
64.0,67.0,58.67,57.0,60.83,61.6,8.8,LM,64
76.0,68.6,52.5,53.6,57.67,62.6,8.2,LDM,64
84.5,67.2,54.5,29.2,55.17,53.2,9.6,LW,64
79.0,68.0,48.67,41.2,49.67,45.6,9.8,RM,64
65.5,56.8,37.17,64.4,42.83,69.4,11.2,RM,64
32.5,30.0,14.0,10.6,18.33,43.4,64.0,GK,64
48.5,43.0,24.5,19.2,34.83,52.4,62.6,GK,64
61.5,64.4,50.83,60.6,58.5,53.6,9.4,CDM,64
56.0,66.4,60.0,60.2,57.33,78.6,12.8,CAM,64
54.5,53.0,63.0,37.0,43.5,59.4,10.2,ST,64
54.0,61.2,60.5,60.0,57.17,72.2,11.0,CDM,64
78.5,70.6,56.83,59.6,60.5,59.8,11.2,CM,64
66.5,62.8,55.33,59.6,58.83,67.8,12.8,CM,64
71.5,63.8,37.83,58.8,45.0,58.4,10.2,LB,64
48.5,53.6,62.5,32.2,43.67,72.6,12.4,LS,64
57.0,50.6,28.5,64.2,33.67,63.6,10.6,CB,64
61.5,61.4,52.0,64.4,53.5,69.0,11.0,CM,64
72.5,69.6,55.17,51.0,55.67,57.4,9.4,CM,64
68.5,62.0,35.83,62.0,42.5,66.4,10.0,RB,64
47.5,55.4,37.5,62.0,46.67,64.8,11.2,CB,64
59.0,66.8,50.83,56.8,62.5,69.4,11.2,CM,64
71.0,65.2,57.67,58.4,61.67,65.4,11.0,CM,64
70.0,64.8,59.33,34.0,53.5,61.4,10.2,ST,64
67.5,65.6,48.33,63.6,58.5,69.0,11.2,CAM,64
52.0,48.0,27.67,63.2,34.83,70.4,13.2,CB,64
72.5,64.4,53.5,53.0,54.0,62.6,8.6,CM,64
74.5,63.2,44.0,60.4,46.33,58.6,9.2,RB,64
74.0,66.0,63.5,31.6,48.5,60.2,9.8,ST,64
28.5,41.6,17.33,16.4,26.67,53.2,62.8,GK,64
77.0,68.4,48.0,55.0,60.17,67.4,9.0,LB,64
44.0,61.8,47.17,65.6,57.5,70.4,9.6,RB,64
48.5,40.8,10.5,10.0,17.67,52.0,63.6,GK,64
37.0,36.2,27.33,65.2,32.0,66.2,9.6,CB,64
60.5,67.6,59.67,35.2,56.67,61.0,12.2,RM,64
66.0,60.4,37.5,61.2,59.33,67.6,12.2,CB,63
30.0,34.4,14.5,17.2,17.0,42.0,62.6,GK,63
64.5,65.8,58.33,59.4,65.33,61.0,10.6,CM,63
71.5,66.6,40.5,58.6,52.17,53.8,10.2,LB,63
41.0,36.6,17.0,16.8,25.5,48.4,62.6,GK,63
52.0,70.2,58.67,61.8,60.0,62.2,10.2,RB,63
41.5,60.4,58.17,51.2,64.83,65.8,8.8,CM,63
60.5,54.0,47.0,61.2,46.5,67.4,9.2,CB,63
60.5,68.2,47.67,55.6,55.17,54.6,9.8,LDM,63
73.5,69.0,59.0,29.6,55.5,46.2,8.8,LM,63
37.5,53.0,60.33,32.8,52.67,66.8,10.8,ST,63
45.0,47.6,31.83,62.2,38.17,66.4,9.2,CB,63
65.5,56.4,61.17,33.4,40.33,56.2,12.0,ST,63
73.0,59.8,33.17,61.2,45.17,56.6,9.4,LB,63
65.0,66.0,54.33,58.2,54.5,59.8,11.6,LB,63
75.0,61.8,54.5,55.8,56.5,67.4,13.6,LB,63
71.5,64.8,54.83,42.2,53.17,61.6,9.8,LM,63
74.5,67.2,55.67,59.8,59.17,70.0,12.4,CM,63
31.0,34.2,18.67,16.8,24.83,39.6,61.8,GK,63
65.0,65.8,47.17,62.6,54.5,69.4,10.4,CM,63
34.0,29.6,15.83,16.8,20.33,36.6,62.4,GK,63
68.5,64.8,63.17,26.6,42.33,53.2,10.4,ST,63
65.5,46.0,40.17,63.6,45.33,57.8,16.2,CB,63
73.0,60.0,58.17,28.2,53.5,58.6,10.4,ST,63
73.0,67.4,55.17,22.0,53.83,51.2,10.6,RW,63
67.0,64.2,60.33,26.2,49.33,55.2,10.2,CAM,63
88.0,66.4,50.17,30.0,47.5,54.4,11.8,RM,63
42.5,42.0,20.17,17.4,23.5,49.2,63.2,GK,63
34.0,33.0,12.5,13.4,19.5,43.2,63.0,GK,63
68.5,54.8,38.83,61.2,47.0,61.0,11.8,CB,63
70.0,64.4,35.5,56.6,59.5,65.4,7.4,LWB,63
74.5,65.6,35.0,61.4,47.0,57.6,11.2,RB,63
19.5,35.0,10.33,14.0,17.33,45.8,62.6,GK,63
66.5,66.6,44.5,58.6,54.0,59.4,10.8,LB,63
71.5,62.8,56.17,41.0,53.0,55.6,12.6,RM,63
47.5,45.4,27.17,59.6,37.67,59.0,10.6,CB,63
67.5,68.6,52.5,57.6,60.17,62.4,8.8,CAM,63
66.0,60.4,53.0,57.8,62.83,67.4,11.8,LB,63
77.0,66.4,51.0,60.2,51.17,76.0,10.6,CM,63
32.5,33.6,13.83,15.6,21.33,48.4,62.2,GK,63
70.5,67.2,39.67,59.4,48.83,62.6,12.0,RB,63
74.5,61.8,38.67,58.4,50.67,57.6,9.0,LB,63
35.5,31.8,10.0,13.6,22.5,38.6,61.4,GK,63
46.5,45.2,34.17,62.6,37.67,59.8,10.2,CB,63
52.5,42.2,28.33,63.0,32.67,63.6,8.2,CB,63
70.0,65.0,59.0,40.8,55.83,59.4,9.8,RW,63
68.5,64.0,51.17,34.4,53.5,50.0,10.2,CAM,63
84.0,69.0,51.0,28.2,49.33,45.4,11.4,LM,63
44.5,44.0,29.67,62.8,33.0,67.2,10.8,CB,63
44.0,51.6,39.33,63.2,40.5,66.0,10.8,CB,63
79.5,77.6,60.67,30.8,46.17,54.8,10.6,ST,63
54.5,49.6,51.33,62.2,46.83,68.4,10.0,CDM,63
62.0,50.2,39.17,60.0,43.83,72.8,10.0,CB,63
67.0,62.0,51.0,47.8,57.33,55.8,11.2,CM,63
61.0,51.6,27.17,62.4,37.33,61.2,10.8,CB,63
83.0,71.6,47.17,34.4,54.0,54.6,11.2,LM,63
63.0,53.0,34.33,61.8,43.67,62.2,8.6,CB,63
71.0,64.2,49.0,62.6,59.33,69.8,13.8,CM,63
67.0,61.8,34.67,60.2,43.67,67.4,12.0,RB,63
81.5,69.8,42.5,58.0,48.67,64.6,10.2,RB,63
67.0,66.8,49.67,55.2,57.17,63.8,9.4,CDM,63
69.0,58.2,46.17,58.8,45.33,65.4,10.0,LB,63
63.5,64.6,50.33,56.4,53.17,69.4,8.8,CM,63
68.5,60.6,59.33,55.8,60.0,58.0,11.8,CM,63
66.5,62.4,47.67,59.4,51.5,64.8,9.8,CDM,63
59.0,64.6,58.67,58.4,58.33,60.4,11.8,CM,63
81.0,58.6,59.83,42.0,50.33,68.4,10.6,RM,63
54.0,67.6,49.5,48.4,62.17,58.8,10.8,CM,63
56.0,53.2,53.33,60.2,55.5,64.6,8.8,CM,63
71.0,57.6,30.5,60.6,40.67,66.0,10.0,CB,63
63.0,55.8,35.33,63.4,45.5,64.0,11.0,RB,63
68.0,62.0,42.17,59.2,52.0,71.4,7.2,CDM,63
73.5,62.8,58.17,37.2,60.0,53.2,8.2,LW,63
66.5,61.0,43.0,60.2,56.67,72.6,8.6,CB,63
66.0,65.0,54.67,63.0,58.5,74.4,10.0,RM,63
74.0,63.8,54.33,36.6,54.17,53.0,9.8,RM,63
74.5,68.2,59.33,58.4,61.17,59.0,13.4,LB,63
72.5,63.0,35.0,60.8,48.17,61.8,7.4,RB,63
40.0,36.8,17.17,17.8,22.0,42.0,61.8,GK,63
73.0,70.2,52.67,39.8,59.33,50.0,10.2,CAM,63
82.0,65.8,50.17,39.6,58.33,57.2,9.8,RM,63
71.5,73.0,56.5,24.8,59.0,42.8,11.0,CAM,63
45.0,38.6,10.0,9.2,23.0,40.0,63.2,GK,63
76.0,62.8,37.33,56.8,48.0,61.6,9.4,RB,62
73.0,65.0,56.17,28.4,53.5,45.8,9.6,LM,62
74.5,67.0,55.67,25.2,44.5,52.2,9.4,RS,62
59.5,47.2,36.17,62.6,34.83,60.0,12.4,CB,62
57.5,52.6,33.0,63.0,43.5,67.2,10.8,CDM,62
56.0,59.8,57.67,27.2,46.33,59.2,10.6,ST,62
73.5,68.8,55.0,34.8,48.5,50.0,11.0,RM,62
66.5,55.2,54.0,56.4,58.83,72.0,9.6,CM,62
67.5,68.2,58.83,56.8,58.33,56.8,12.6,CM,62
81.5,68.0,53.67,41.8,53.5,52.4,12.2,RM,62
54.0,50.2,48.5,57.8,50.0,64.0,1.0,CDM,62
65.0,58.8,47.5,61.8,53.17,64.6,10.8,RB,62
46.5,39.6,22.33,17.4,35.83,50.8,61.6,GK,62
57.5,60.8,34.0,57.2,49.67,58.6,10.6,CDM,62
31.5,30.2,11.33,12.0,19.17,33.4,59.2,GK,62
73.0,64.4,53.0,29.6,51.83,53.0,10.4,RM,62
73.0,64.0,31.67,54.6,41.5,54.2,9.8,LB,62
66.5,68.6,53.83,35.8,60.5,56.0,10.4,LM,62
71.5,60.0,43.5,59.0,46.33,60.8,13.0,RB,62
72.5,63.4,54.17,50.8,53.0,54.0,9.2,LM,62
66.5,63.6,43.0,56.6,47.67,58.6,7.4,CDM,62
59.5,59.8,46.83,59.0,55.33,61.4,10.0,CM,62
45.5,65.0,53.83,40.4,55.33,61.4,10.0,CM,62
60.5,47.4,32.0,63.6,34.0,64.4,10.0,CB,62
65.0,55.0,59.67,37.6,40.33,62.8,9.0,ST,62
84.0,68.6,53.33,30.0,48.83,49.2,11.0,RM,62
72.0,61.2,56.67,31.4,40.83,55.4,12.2,ST,62
83.0,61.8,28.0,58.6,40.17,68.8,8.4,CB,62
42.0,36.0,16.5,16.6,18.67,40.4,61.2,GK,62
62.5,55.2,28.5,60.0,38.5,66.4,9.4,CB,62
58.5,51.4,39.83,57.8,48.33,70.8,8.8,CB,62
71.0,64.6,51.33,44.4,59.67,52.0,8.0,CM,62
59.5,58.8,42.5,59.0,53.33,64.2,10.8,CM,62
61.0,58.2,46.0,58.4,51.33,65.6,11.0,CM,62
91.5,59.4,44.33,58.2,43.17,62.6,11.2,RWB,62
74.0,64.4,33.17,58.0,44.17,58.6,9.2,RB,62
75.0,71.2,52.33,31.0,62.5,48.8,10.2,LW,62
57.0,50.0,35.83,63.2,36.17,62.8,9.6,CB,62
53.5,54.4,60.5,39.8,56.0,56.2,10.2,ST,62
64.5,60.8,55.83,53.2,62.5,71.4,13.6,CM,62
48.5,38.4,17.67,19.8,21.33,45.8,61.0,GK,62
64.0,62.0,44.83,57.0,51.17,69.8,12.8,CDM,62
51.5,56.6,44.17,59.0,50.17,67.8,10.4,CDM,62
64.0,56.4,33.5,61.4,46.5,55.2,6.6,LB,62
46.0,61.4,52.83,60.8,57.33,68.8,13.8,CM,62
67.0,64.2,57.33,36.8,45.5,54.0,10.6,ST,62
73.0,66.0,54.67,60.2,55.17,59.2,10.6,CM,62
58.5,60.8,59.83,58.2,66.33,67.6,10.8,LDM,62
71.5,57.4,33.17,60.0,40.33,56.4,10.4,LB,62
72.0,68.6,54.5,38.4,48.67,47.2,10.8,LM,62
50.0,43.8,35.67,60.2,44.5,62.8,9.8,CB,62
50.5,63.4,48.0,59.6,52.83,64.2,13.0,LB,62
57.0,47.0,28.33,59.0,29.0,65.2,12.0,CB,62
34.5,40.2,19.83,16.2,24.0,44.6,61.8,GK,62
75.5,57.6,42.0,60.0,48.5,61.6,10.4,CB,62
65.5,61.6,58.67,27.0,42.83,52.8,12.4,ST,62
71.0,63.0,60.83,38.0,47.17,64.2,11.4,ST,62
69.0,61.2,59.5,29.6,50.0,58.2,9.2,LS,62
43.5,31.8,12.33,19.4,34.0,51.6,62.4,GK,62
75.0,61.8,53.5,55.6,56.67,64.8,12.8,CAM,62
45.5,35.0,16.33,16.4,20.5,48.6,61.0,GK,62
61.5,59.8,54.17,63.0,54.83,71.8,9.2,CM,62
42.5,33.0,15.33,17.0,22.33,42.4,63.4,GK,62
63.5,60.2,39.67,59.6,51.0,55.6,10.2,CDM,62
65.0,54.6,33.67,63.6,47.83,60.6,10.6,LB,62
91.0,64.0,44.17,41.6,51.67,54.6,11.6,RM,62
75.0,64.0,47.0,58.0,55.5,59.0,12.6,LB,62
77.0,65.0,44.5,53.6,61.17,55.4,10.2,LB,62
72.0,61.4,55.5,38.2,57.5,46.4,11.2,CM,61
42.0,36.0,17.0,15.8,23.17,43.6,60.8,GK,61
71.0,65.0,59.17,28.6,57.0,46.0,11.8,RM,61
55.5,58.6,60.67,31.2,46.17,63.6,12.8,ST,61
57.0,61.2,50.0,59.0,54.17,68.8,12.0,RWB,61
79.0,66.6,37.83,52.0,56.0,65.8,12.2,LB,61
69.5,61.8,49.0,60.8,51.0,62.6,9.0,CM,61
72.0,59.6,38.5,61.2,41.5,56.2,11.6,RB,61
54.0,66.0,46.0,57.0,59.67,59.6,11.0,LB,61
59.0,62.6,54.33,44.0,61.83,56.4,9.8,CM,61
75.0,68.8,57.67,24.6,53.0,45.0,11.2,RW,61
74.0,66.2,53.17,31.2,52.0,52.6,9.8,LM,61
70.5,65.8,56.83,32.8,55.17,63.2,13.6,RM,61
53.5,42.0,32.83,59.2,32.0,64.2,9.6,CB,61
21.0,29.6,10.0,11.0,17.83,40.8,59.8,GK,61
49.0,40.0,15.5,18.4,22.0,43.2,59.2,GK,61
60.5,62.0,59.33,33.0,44.83,56.6,11.2,ST,61
75.5,76.2,48.17,50.4,56.33,62.6,8.2,CM,61
77.0,64.2,53.17,26.0,49.67,56.8,9.6,LW,61
70.0,62.0,34.67,56.8,57.5,59.0,9.6,LB,61
77.5,63.2,48.17,53.2,46.0,62.2,8.8,LB,61
76.0,62.6,58.33,39.8,44.67,63.6,9.8,LS,61
74.0,68.2,61.0,39.4,59.83,60.6,11.6,RM,61
48.0,36.0,18.17,16.4,21.5,43.8,60.2,GK,61
38.5,31.6,11.33,12.0,16.17,41.2,60.2,GK,61
62.0,62.8,51.33,39.8,57.67,55.2,9.2,CAM,61
59.5,40.4,26.5,58.8,28.83,68.6,10.4,LB,61
67.5,39.4,27.67,59.4,38.67,65.6,11.8,CB,61
64.0,59.2,50.5,53.6,56.17,57.4,10.2,CM,61
75.0,62.4,45.17,60.0,50.5,58.8,9.0,CDM,61
58.5,53.8,56.67,24.0,37.17,71.0,10.6,ST,61
54.0,56.8,44.0,56.8,54.0,59.8,10.4,CM,61
62.0,61.8,41.5,51.8,49.33,69.2,10.4,CDM,61
83.0,63.4,47.17,52.2,52.83,64.8,10.6,RB,61
71.5,60.4,57.33,34.8,52.17,56.2,9.4,RM,61
67.5,59.0,43.83,57.8,52.5,67.4,8.8,CDM,61
61.5,55.0,38.5,57.8,42.67,62.6,11.2,CB,61
37.5,36.0,16.0,16.2,19.0,40.6,60.2,GK,61
54.0,51.0,62.5,33.2,39.0,58.8,9.6,ST,61
71.0,63.8,56.0,31.6,48.33,51.4,10.2,CM,61
39.5,34.6,15.5,14.0,22.33,42.0,60.0,GK,61
84.0,63.6,50.17,54.0,55.67,60.8,10.0,RB,61
84.0,70.0,57.67,29.2,46.5,51.6,10.0,RM,61
67.0,62.8,46.5,54.0,49.5,63.0,13.0,CDM,61
66.5,64.8,31.33,56.8,44.0,54.2,10.4,LB,61
68.0,65.2,38.67,51.6,55.5,55.6,11.8,CM,61
65.0,52.0,57.67,33.8,38.67,64.6,10.8,ST,61
68.0,70.2,54.67,27.0,51.83,43.8,9.8,LM,61
67.5,63.8,50.5,37.6,59.0,54.4,10.6,LW,61
74.0,64.4,56.67,24.0,42.17,58.2,10.2,ST,61
56.5,50.4,34.83,59.2,41.5,62.8,8.6,CB,61
66.5,61.6,59.17,29.0,42.67,60.8,11.2,ST,61
77.5,62.8,44.5,52.4,57.17,60.4,12.8,RWB,61
82.0,66.4,44.83,34.6,53.0,54.0,11.2,LM,61
64.0,62.0,56.33,29.8,43.5,54.8,10.2,ST,61
65.5,57.6,52.67,57.0,55.33,58.8,9.2,RB,61
71.5,55.2,33.0,59.0,43.83,60.8,12.0,RB,61
66.5,57.6,63.33,26.4,36.83,54.2,11.8,ST,61
68.5,61.6,61.17,26.6,48.67,53.4,8.4,ST,61
64.5,60.0,47.17,50.0,51.33,60.2,10.0,CM,60
58.0,61.4,56.17,42.8,58.83,54.0,8.4,CM,60
64.0,63.2,35.17,56.8,41.83,66.0,8.8,CDM,60
79.0,67.2,55.83,30.2,50.5,41.2,9.6,LM,60
57.5,47.6,28.83,59.2,29.33,59.6,12.0,CB,60
67.0,57.4,48.17,55.2,49.5,53.8,8.0,RB,60
62.5,61.0,54.0,53.0,56.5,65.2,12.6,CM,60
63.0,66.4,45.17,52.4,55.0,62.2,11.2,CDM,60
58.0,49.8,28.83,65.4,32.0,52.8,11.8,CB,60
21.5,26.2,9.0,8.8,17.83,34.2,60.0,GK,60
51.0,56.6,40.0,58.8,46.67,56.0,7.6,CDM,60
45.0,37.0,14.83,17.2,21.17,41.0,59.0,GK,60
58.5,56.4,56.83,60.6,43.83,66.8,8.0,CDM,60
58.0,38.2,17.83,18.6,22.5,37.4,59.0,GK,60
70.5,62.4,30.0,55.6,45.5,61.6,10.4,RB,60
73.0,58.2,43.33,56.4,43.0,65.8,10.4,RB,60
62.5,53.4,32.83,58.8,43.0,63.2,10.2,RB,60
57.5,56.8,31.5,57.6,45.5,58.8,12.6,LB,60
66.0,44.0,34.17,60.0,34.83,60.6,10.4,CB,60
80.5,61.2,41.0,55.0,47.17,65.8,12.4,CB,60
57.5,64.2,49.83,39.6,60.17,53.8,12.0,RM,60
78.0,57.2,35.33,57.0,42.17,61.0,9.8,RB,60
53.0,56.8,59.33,27.2,42.83,49.8,8.0,ST,60
77.5,62.0,54.17,29.8,54.0,44.8,9.2,RM,60
79.5,62.6,47.17,52.4,47.67,64.2,8.8,RB,60
34.5,31.4,14.67,14.0,24.0,49.4,57.8,GK,60
71.0,58.4,43.0,52.0,57.5,61.2,10.8,LWB,60
66.5,61.6,45.33,40.2,52.83,60.0,9.0,RM,60
70.0,64.0,48.17,57.0,49.33,60.8,12.2,CM,60
84.0,62.6,56.33,37.2,53.33,61.6,9.8,ST,60
60.5,53.6,35.83,61.0,41.67,57.0,13.0,LB,60
63.5,57.4,39.17,58.8,45.67,58.2,8.4,CDM,60
71.0,65.2,48.33,50.8,52.67,61.2,9.6,CM,60
67.5,61.8,34.67,58.4,44.17,55.0,8.4,RB,60
75.0,64.0,45.33,58.8,51.83,64.0,10.0,CM,60
68.5,59.8,55.83,30.0,52.5,56.0,10.4,LM,60
66.0,57.8,39.17,57.0,43.33,49.8,8.2,LB,60
73.5,60.2,34.0,53.0,46.33,53.2,9.2,RB,60
82.5,68.8,51.67,50.4,52.83,68.0,8.4,CAM,60
65.0,59.8,58.5,28.0,42.5,51.4,10.8,ST,60
71.5,62.6,54.5,50.2,56.17,63.0,9.8,CM,60
75.0,63.2,57.5,38.6,58.83,48.6,9.0,CM,60
62.5,58.2,56.83,31.6,44.0,57.8,13.2,ST,60
26.5,50.0,60.33,37.0,43.33,70.4,10.6,ST,60
68.0,63.0,47.67,54.6,55.17,61.4,10.8,CM,60
49.5,46.8,33.67,59.6,41.33,57.8,9.4,LB,60
77.5,62.0,52.5,26.2,56.0,48.4,12.0,ST,60
34.0,32.8,10.67,10.8,21.5,43.8,59.4,GK,60
72.0,63.6,48.83,52.4,46.67,62.2,11.0,CM,60
72.0,68.4,44.17,40.6,50.33,49.0,8.0,LM,60
59.0,58.4,37.0,57.2,49.33,57.8,8.4,LB,60
73.5,53.8,53.0,27.4,40.5,61.4,10.4,ST,60
65.5,55.0,52.33,54.2,50.33,59.8,9.2,RB,60
76.5,60.4,58.33,33.2,49.83,54.8,10.0,LM,60
82.0,61.4,48.33,32.6,50.83,50.2,10.0,RWB,59
45.0,37.4,14.83,14.8,23.67,40.4,57.0,GK,59
58.5,65.2,49.5,56.0,53.0,59.0,10.2,RM,59
76.0,69.8,53.0,50.0,59.17,61.4,11.8,CM,59
49.5,60.2,35.0,55.0,50.83,52.6,11.4,RM,59
32.5,28.8,8.33,9.8,13.17,26.2,59.2,GK,59
67.5,62.6,47.0,36.0,53.17,54.8,11.0,CAM,59
25.0,28.4,9.17,11.0,20.0,44.2,58.8,GK,59
70.5,61.2,53.67,30.0,52.67,48.8,10.0,ST,59
32.5,46.2,22.5,60.4,26.17,58.2,8.6,CB,59
62.5,38.2,29.83,59.6,27.67,61.6,9.8,CB,59
69.0,56.8,30.83,55.6,42.83,63.8,8.6,CB,59
59.5,60.8,51.5,55.0,56.0,66.0,8.8,CM,59
53.0,55.4,47.33,55.4,50.0,65.8,7.6,LDM,59
67.0,58.2,49.67,53.4,53.83,61.8,8.2,CM,59
55.5,61.6,40.5,48.4,47.33,55.0,12.0,CM,59
66.5,48.4,29.83,58.8,38.5,58.4,10.4,CB,59
66.0,67.4,52.83,42.8,59.5,46.6,10.0,CM,59
67.0,62.6,47.0,50.6,48.83,59.0,9.8,CM,59
29.5,30.0,10.5,11.4,18.5,34.4,58.0,GK,59
60.0,39.0,33.0,60.4,31.83,58.0,9.8,CB,59
42.0,31.6,9.5,12.4,16.5,35.6,58.2,GK,59
73.0,67.4,32.83,52.0,42.0,62.2,11.6,RB,59
64.0,58.2,35.67,56.8,46.17,55.8,9.0,LB,59
73.0,74.6,43.67,48.6,51.67,54.0,11.6,LB,59
67.5,60.2,29.17,57.8,42.83,61.2,11.2,LB,59
69.5,66.6,42.5,49.4,50.83,52.6,6.4,CM,59
57.0,49.8,30.83,57.6,35.67,58.2,8.4,CB,59
57.0,54.4,39.5,59.2,47.83,62.0,10.6,RB,59
57.5,61.6,57.67,33.6,43.17,47.6,10.0,ST,59
54.5,43.6,36.83,58.0,34.0,59.4,10.6,CB,59
67.0,46.8,37.83,58.4,42.5,53.0,10.4,CB,59
64.0,53.0,30.5,57.6,40.0,63.8,11.8,LB,59
71.5,58.4,49.67,38.4,44.67,58.8,9.6,ST,59
59.5,46.8,25.67,59.0,37.5,57.6,8.8,CB,59
66.5,64.6,59.33,26.0,50.83,60.8,9.8,CF,59
71.5,64.6,52.0,46.6,54.67,55.4,10.6,CM,59
82.0,61.0,53.83,28.0,34.5,56.4,13.4,ST,59
76.0,60.6,53.5,24.0,40.83,51.0,11.6,CAM,59
85.0,60.4,51.0,37.8,49.67,52.8,10.6,LM,59
66.0,62.4,36.5,55.4,49.33,54.8,10.8,LB,59
59.0,56.4,56.83,24.0,33.5,62.0,11.0,ST,59
62.0,59.2,37.0,55.2,49.17,55.2,10.2,CDM,59
69.5,60.6,55.5,29.4,44.5,57.2,11.0,ST,58
52.5,53.2,41.0,58.4,47.0,63.2,11.2,RB,58
22.0,36.2,15.0,16.0,20.83,44.2,56.4,GK,58
34.0,48.0,23.67,55.0,23.17,64.2,10.2,CB,58
69.0,54.6,55.83,25.4,34.67,60.8,9.2,ST,58
48.0,45.0,18.67,15.0,22.0,54.8,55.2,GK,58
26.5,32.4,12.0,10.8,18.33,39.4,57.0,GK,58
55.0,52.6,55.5,30.8,37.33,57.8,9.2,ST,58
72.5,49.8,25.83,55.6,28.67,60.2,11.4,CB,58
56.0,59.0,45.17,56.8,49.33,57.4,8.6,CDM,58
34.0,30.0,11.5,13.6,16.17,38.0,56.8,GK,58
63.0,58.6,41.0,58.0,49.17,61.8,10.0,CM,58
61.0,62.8,47.33,49.6,51.0,56.4,10.8,CM,58
52.5,53.0,61.33,30.0,45.5,43.6,11.6,ST,58
53.5,46.2,28.17,55.6,29.83,62.8,10.8,CB,58
67.0,57.0,36.0,57.6,37.0,61.6,9.0,LB,58
12.5,23.0,10.0,11.6,21.67,31.8,57.0,GK,58
64.0,56.8,48.67,53.0,50.33,57.0,9.8,CM,58
56.0,40.6,26.5,57.4,31.83,61.0,10.6,CB,58
57.0,58.4,33.5,57.8,36.83,59.8,12.4,LB,58
60.5,36.4,30.67,58.0,29.33,59.2,9.6,CB,58
56.5,38.4,27.0,58.2,27.33,61.2,8.6,CB,58
70.5,65.8,44.33,45.6,54.83,53.8,9.0,CM,58
56.0,60.4,53.67,42.6,58.83,47.8,13.2,CM,58
53.5,57.0,42.5,56.4,51.5,62.0,10.6,CB,58
73.0,59.8,56.83,24.0,40.17,48.0,8.0,LW,58
55.0,56.8,49.5,56.0,48.33,57.8,11.0,RB,58
78.5,63.0,55.5,24.8,38.67,50.4,9.4,ST,58
38.5,64.6,52.33,42.6,65.83,49.6,12.6,CF,58
71.5,48.2,34.67,56.2,38.17,59.6,8.8,CB,58
69.5,64.6,54.67,33.8,53.17,59.4,11.6,ST,58
76.5,61.2,34.5,50.0,44.17,62.2,11.2,LB,58
67.5,64.2,52.0,33.8,52.67,39.2,9.8,RM,58
51.0,56.0,54.67,45.4,51.5,67.8,9.8,ST,58
59.5,52.8,35.17,56.8,42.0,59.0,8.8,RB,58
38.0,32.8,13.33,14.2,24.5,37.8,56.6,GK,58
75.5,57.2,43.0,50.4,42.5,66.2,10.6,RB,58
67.0,51.6,35.5,57.8,42.5,52.0,8.0,RB,57
59.5,51.6,52.33,56.6,43.5,71.0,12.6,CB,57
61.5,47.0,28.5,55.6,32.67,62.6,8.2,CB,57
42.5,41.0,26.17,56.2,31.0,58.0,8.8,CB,57
71.5,61.4,39.83,53.4,46.17,57.8,10.6,RB,57
75.0,63.0,43.83,49.6,49.17,57.4,9.8,LM,57
72.5,56.6,46.33,39.6,47.67,57.6,12.0,LM,57
68.0,63.6,38.0,54.8,43.83,59.8,10.2,CDM,57
64.0,59.6,45.67,47.2,47.5,60.0,9.6,CM,57
58.5,59.0,46.83,54.6,51.67,58.0,9.4,CM,57
24.5,24.6,12.67,12.0,17.83,32.6,56.6,GK,57
43.5,28.4,9.83,12.6,16.5,39.2,57.2,GK,57
65.0,57.4,54.83,30.8,49.83,42.0,8.8,LM,57
70.5,60.4,51.83,30.8,43.83,57.4,9.4,ST,57
52.5,65.2,57.0,36.8,51.67,52.2,13.2,ST,57
65.5,60.0,42.67,38.4,49.33,51.6,10.2,LM,57
63.5,40.8,28.17,56.6,29.67,59.4,11.8,CB,57
62.5,66.2,49.33,34.2,51.83,48.4,12.6,CAM,57
69.5,60.8,46.0,25.2,47.67,52.8,11.8,LM,57
68.5,58.2,31.67,53.0,48.17,59.8,10.8,LB,57
75.5,65.2,45.5,31.4,46.67,48.8,10.8,LM,57
66.5,56.8,31.83,54.0,47.83,59.0,10.6,RB,57
71.0,64.4,38.33,51.8,44.67,59.6,8.8,RM,57
75.5,64.8,34.5,48.4,46.67,52.8,10.2,RWB,57
75.0,56.6,50.83,36.2,48.5,60.2,13.4,LM,57
75.5,67.0,42.17,38.6,50.17,40.8,10.2,RM,57
47.5,34.0,18.5,20.6,18.33,47.6,56.2,GK,57
70.0,57.8,30.17,56.0,42.0,57.8,8.6,LB,57
65.5,54.2,33.17,55.0,43.0,52.6,11.4,LB,57
27.5,22.2,9.67,10.2,18.33,38.2,56.4,GK,57
61.5,62.0,56.33,23.4,49.5,54.6,10.2,RM,57
60.5,62.0,54.67,26.4,35.67,49.4,11.8,ST,57
33.5,29.2,8.67,10.4,17.17,36.4,59.8,GK,57
84.0,62.0,50.33,49.4,45.17,57.6,11.2,RB,56
51.5,57.4,39.33,56.6,52.5,52.2,8.8,CM,56
65.5,60.2,46.0,39.4,54.0,53.2,10.6,CM,56
59.0,48.8,26.17,53.8,24.33,64.8,12.8,CB,56
58.5,48.4,30.5,60.8,31.33,50.8,10.8,CB,56
75.5,58.0,55.83,22.2,42.5,46.4,9.8,ST,56
55.5,40.8,28.17,56.2,28.33,60.0,10.2,CB,56
75.5,55.6,30.67,55.0,34.0,52.4,12.6,RB,56
65.5,60.6,43.67,52.0,56.33,59.2,10.4,CM,56
17.0,27.8,12.67,14.2,27.5,44.4,57.8,GK,56
56.5,56.8,53.5,29.0,43.0,54.2,11.4,ST,56
52.5,61.6,38.83,53.0,44.83,53.0,12.0,CDM,56
61.5,54.4,53.33,22.6,36.0,56.4,8.0,ST,56
69.5,58.8,46.0,46.0,49.0,53.2,10.6,LM,56
65.0,54.8,35.0,54.0,40.33,53.4,9.4,LB,56
85.0,64.4,46.83,43.8,55.17,51.2,8.2,LWB,56
53.5,53.4,57.17,24.0,40.67,48.4,9.6,ST,56
63.0,45.6,32.0,58.0,31.0,55.4,9.6,CB,56
30.0,29.0,10.0,11.0,16.67,37.6,55.0,GK,56
33.0,28.6,16.33,11.6,18.67,36.6,56.6,GK,56
41.0,57.2,56.67,24.4,43.0,49.4,10.0,ST,56
61.5,46.0,22.5,18.8,41.83,46.2,54.6,GK,56
74.5,61.8,45.33,47.2,54.17,60.2,10.6,LB,56
77.5,54.2,48.5,25.0,27.67,69.6,8.0,ST,56
23.5,28.4,10.83,11.8,17.17,34.4,55.0,GK,56
53.5,47.2,53.17,53.8,33.17,61.4,12.4,CB,56
64.0,55.0,29.33,51.4,43.33,62.2,10.0,RB,56
53.5,47.4,53.0,35.4,29.17,58.8,11.6,ST,56
68.0,58.2,43.67,50.4,49.0,55.6,7.8,CDM,55
65.5,53.2,34.0,55.2,40.17,51.6,12.6,CB,55
62.0,56.8,64.0,36.0,50.17,46.0,8.4,LW,55
54.5,57.8,55.83,51.0,55.5,56.6,12.2,CM,55
48.0,57.6,47.83,42.4,43.83,51.6,10.4,RB,55
58.5,54.8,38.0,49.8,46.5,51.8,11.4,CM,55
66.5,59.2,50.83,44.2,55.0,50.8,10.6,CM,55
28.0,27.6,8.67,13.4,18.67,41.8,55.0,GK,55
57.5,40.6,26.67,53.4,31.17,60.8,7.4,CB,55
61.5,56.4,35.33,53.8,43.5,53.6,11.2,LB,55
59.5,48.6,35.83,55.0,34.83,57.0,10.6,RB,55
67.0,60.0,48.17,35.6,42.5,49.4,9.6,LB,55
31.0,32.2,10.5,16.2,17.83,36.0,54.0,GK,55
63.5,53.0,25.83,53.2,32.0,56.6,10.8,CB,55
37.0,36.0,20.67,18.2,29.83,53.8,55.8,GK,55
62.5,65.4,43.67,30.4,51.0,49.8,10.2,CAM,55
60.0,47.8,33.5,58.4,36.67,55.4,10.6,RB,55
55.0,53.6,49.83,23.6,36.0,51.2,10.8,ST,55
67.5,57.0,51.5,52.8,48.17,61.4,9.2,CM,55
61.5,47.8,32.17,58.6,32.83,58.4,8.6,RB,55
63.0,61.6,53.17,36.2,42.33,56.2,9.2,ST,55
47.0,49.0,38.17,56.0,42.17,56.2,13.0,CDM,55
82.0,55.2,52.5,25.4,37.33,49.2,10.6,ST,54
48.5,52.2,50.0,44.2,48.83,61.4,11.8,RM,54
68.0,54.8,34.83,52.4,36.83,55.4,9.4,LB,54
60.0,48.2,28.5,52.6,38.83,54.8,10.2,CB,54
65.0,61.0,44.33,50.0,49.83,54.0,12.2,CM,54
24.0,27.6,9.67,11.8,17.83,37.2,55.0,GK,54
74.5,59.2,45.17,29.0,48.67,38.4,9.4,RM,54
22.5,28.2,9.17,9.6,15.5,40.0,54.6,GK,54
73.0,58.4,41.5,52.6,43.0,57.8,9.8,CDM,54
39.0,34.8,17.5,16.6,20.5,34.0,52.6,GK,54
61.5,55.0,43.67,52.0,47.83,47.6,11.4,RB,54
69.5,60.4,47.5,24.2,46.0,50.4,9.4,ST,54
59.0,63.6,51.0,51.4,46.17,43.4,9.0,LB,54
57.0,50.2,50.5,25.0,37.67,51.2,10.6,ST,54
63.5,61.6,40.5,34.6,44.33,55.2,9.6,CAM,54
80.5,66.8,47.17,27.6,45.83,50.2,10.2,CAM,54
72.0,59.4,53.17,39.6,41.83,49.8,9.8,ST,54
69.0,60.4,48.5,22.8,35.17,50.8,9.0,ST,54
70.5,52.4,31.33,48.6,38.83,51.2,8.2,LB,54
72.5,62.4,44.17,27.6,49.83,48.2,10.0,CM,54
57.0,58.4,39.83,48.8,51.0,49.4,12.4,CDM,53
59.0,49.6,35.5,52.2,40.83,54.4,11.0,LB,53
23.5,27.4,13.33,12.4,17.5,35.4,52.2,GK,53
48.5,37.8,17.67,14.4,23.83,41.4,50.4,GK,53
61.5,57.8,40.67,51.4,52.0,49.0,10.4,CM,53
54.5,54.4,44.33,50.6,46.17,57.8,9.6,CM,53
23.5,30.0,9.83,12.8,18.17,30.6,53.8,GK,53
60.5,57.0,39.83,32.6,52.83,50.6,10.2,CAM,53
58.0,41.2,27.17,52.2,39.83,58.4,10.4,LB,53
76.5,55.8,37.0,49.2,35.67,52.0,11.2,RB,53
24.0,24.8,9.83,9.8,19.17,37.6,52.6,GK,53
66.5,57.6,48.67,25.2,40.83,38.6,8.4,LW,53
61.0,61.2,47.83,42.8,36.67,52.2,11.0,ST,53
62.5,43.6,27.5,53.4,37.5,49.2,10.2,CB,53
61.5,52.4,48.67,29.0,41.5,54.4,10.2,ST,53
55.5,42.6,32.5,52.6,33.5,53.8,10.4,CB,53
67.0,57.4,47.5,30.2,43.5,39.8,10.6,LW,53
24.0,24.0,11.67,10.8,18.17,37.0,52.6,GK,52
80.0,54.6,44.33,30.8,44.0,40.2,9.0,RW,52
52.0,53.6,49.33,20.2,37.83,49.8,12.8,ST,52
57.5,52.2,36.67,47.0,46.0,48.4,10.0,CAM,52
70.0,55.6,43.17,48.0,42.5,56.6,8.2,LM,52
70.0,56.6,40.83,29.4,45.17,48.0,9.0,CAM,52
61.5,55.2,50.0,50.4,39.0,58.2,9.8,CB,52
44.5,46.8,49.67,29.6,34.17,59.2,10.4,ST,52
61.5,56.2,34.33,56.6,44.5,54.4,11.0,CM,52
65.0,58.4,33.0,47.2,46.0,47.6,9.8,CM,52
69.0,57.8,45.17,38.0,44.0,49.0,8.4,LM,52
56.5,50.4,50.5,26.8,37.33,51.8,9.6,ST,52
57.0,39.4,26.83,52.2,28.83,56.0,9.4,CB,52
66.0,56.4,43.33,43.8,46.33,53.6,11.2,CM,51
60.5,55.4,48.5,24.6,35.0,46.6,10.0,ST,51
54.0,26.2,8.5,13.4,14.5,38.4,53.4,GK,51
80.0,60.0,47.83,24.6,42.83,45.4,9.2,ST,51
60.0,59.8,49.67,21.0,37.83,51.6,9.2,ST,51
62.5,53.2,47.17,32.0,45.17,48.6,8.4,ST,51
67.0,57.0,42.67,46.4,48.17,51.8,8.2,CM,51
22.0,28.0,12.67,13.2,20.17,36.2,50.8,GK,51
25.0,24.8,9.5,12.0,19.83,35.2,50.8,GK,51
52.0,43.4,28.5,53.0,27.0,50.4,8.8,CB,51
65.5,51.4,41.67,28.6,44.0,44.8,11.2,LM,50
57.0,53.2,42.83,36.2,49.67,48.8,9.4,CM,50
57.5,51.0,31.67,47.0,37.33,56.0,11.2,LB,50
29.0,26.2,11.17,11.0,18.0,37.0,50.6,GK,50
19.0,24.2,11.33,13.0,18.5,34.8,48.8,GK,50
63.5,57.2,38.0,42.8,43.33,48.6,10.6,CM,50
60.0,53.6,42.5,44.6,44.83,51.2,11.6,CM,50
58.5,54.0,40.33,39.0,46.17,45.8,12.4,CAM,50
60.5,45.6,28.17,49.4,33.67,51.4,10.6,CB,50
58.5,45.0,26.33,47.0,30.67,54.0,10.2,CB,49
62.0,48.8,40.83,39.2,50.0,55.8,10.2,CAM,49
63.0,56.0,39.83,42.8,41.83,54.6,7.2,CM,49
67.0,50.8,28.5,46.0,31.83,50.6,9.0,RWB,48
64.0,51.2,39.17,42.6,42.83,54.2,10.8,CM,48
64.5,57.6,35.0,47.0,43.5,51.0,10.0,CM,47
21.0,25.2,11.0,11.8,19.0,34.6,49.2,GK,47
